name,bigtype,material,description,url
쌀밥,한식,쌀,"1. 밥솥에 쌀을 씻어 깨끗하게 세척한다.
2. 물과 쌀의 비율은 1:1.2 정도로 설정하여 밥솥에 넣는다.
3. 밥솥을 뚜껑으로 덮고, ""취사"" 모드로 설정하여 밥을 짓는다.
4. 밥이 다 익으면, 약 10분 정도 지난 후에 조금씩 저어가며 식힌다.
5. 완성된 흰쌀밥을 그릇에 담아 맛있게 즐긴다.",https://meturial-bucket.s3.ap-northeast-2.amazonaws.com/data/쌀밥/main.jpeg
잡곡밥,한식,"쌀, 보리, 귀리","1. 쌀과 원하는 비율의 잡곡(현미, 찹쌀, 보리, 검정콩 등)을 섞어 청결하게 씻는다.
2. 잡곡밥은 일반 백미보다 물이 좀 더 필요하므로 적당량의 물을 넣어준다(일반적으로 5:6 정도의 비율).
3. 밥솥에 섞인 잡곡과 물을 넣고 밥 삶는 모드로 돌린다.",https://meturial-bucket.s3.ap-northeast-2.amazonaws.com/data/잡곡밥/main.jpeg
옥수수밥,한식,"옥수수, 쌀","1. 쌀 2컵과 옥수수콘 1개를 준비한다 (옥수수는 통조림이나 냉동식품을 사용해도 됩니다).
2. 쌀은 청결하게 씻어서 밥솥에 넣고, 옥수수는 알만 잘라서 준비한다.
3. 밥솥에 쌀 위에 옥수수 알을 골고루 뿌려주고, 일반적으로 밥을 지을 때처럼 물을 넣어준다.
4. 밥솥에서 보통 모드로 밥을 지은 후 완료되면 잘 섞어 완성한다.",https://meturial-bucket.s3.ap-northeast-2.amazonaws.com/data/옥수수밥/main.jpeg
명란버터밥,한식,"버터, 쌀","1. 밥 1공기를 준비하고, 명란 2개의 적당량을 준비한다.
2. 팬에 버터를 녹인 후, 명란을 넣고 중불에서 볶는다.
3. 명란이 어느 정도 익었을 때 밥을 넣고 잘 섞어준다.
4. 마지막으로 소금과 후추로 간을 맞추고 추가로 파슬리나 참깨를 넣으면 향도 좋아진다.",https://meturial-bucket.s3.ap-northeast-2.amazonaws.com/data/명란버터밥/main.jpeg
비빔밥,한식,"채소, 쌀","1. 밥 1공기를 준비하고, 다양한 야채(시금치, 당근, 오이 등)와 고기나 두부 등을 적당량 준비한다.
2. 각각의 재료를 별도로 손질하고 삶거나 볶아서 준비한다.
3. 그릇에 밥을 담고 그 위에 재료들을 고루 나눠 담는다.
4. 마지막으로 고추장이나 비빔장을 넣고 잘 비벼서 먹는다.",https://meturial-bucket.s3.ap-northeast-2.amazonaws.com/data/비빔밥/main.jpeg
야채죽,한식,"채소, 쌀","1. 선호하는 야채들을 적당한 크기로 잘라 깨끗이 씻는다.
2. 밥과 야채, 그리고 적당량의 물을 냄비에 넣는다.
3. 중약불에서 냄비의 내용물이 부드럽게 풀어질 때까지 20-30분간 끓인다.
4. 이후, 전기믹서기를 사용하여 잘 갈아 준다.
5. 소금으로 간을 맞추고 완성된 야채죽을 그릇에 담아낸다.",https://meturial-bucket.s3.ap-northeast-2.amazonaws.com/data/야채죽/main.jpeg
전복죽,한식,"전복, 쌀","1. 전복 2~3개를 깨끗이 씻은 후 소금과 청주에 20분간 재워둡니다.
2. 밥 1공기(더 부드러운 죽을 원하면 찹쌀밥)를 물에 넣고 끓이다가 전복을 넣어 함께 삶습니다.
3. 전복이 익으면 꺼내어 내장을 제거하고 고기 부분을 잘게 찢어 다시 죽에 넣습니다.
4. 감칠맛을 위해 소금으로 간을 맞추고, 참기름과 후춧가루를 약간 뿌려 완성합니다.",https://meturial-bucket.s3.ap-northeast-2.amazonaws.com/data/전복죽/main.jpeg
미역죽,한식,"미역, 쌀","1. 미역 50g을 찬물에 불려 깨끗이 씻은 후 잘게 썰어줍니다.
2. 밥 1공기를 냄비에 넣고, 미역과 함께 충분한 양의 물을 부어 섞습니다.
3. 중불에서 천천히 끓여가며 가끔 저어줍니다.
4. 죽이 원하는 질감으로 되면 소금으로 간을 맞추고 완성합니다.",https://meturial-bucket.s3.ap-northeast-2.amazonaws.com/data/미역죽/main.jpeg
소고기버섯죽,한식,"소고기, 버섯","1. 소고기 100g과 버섯(표고버섯, 팽이버섯 등) 50g을 준비하고, 소고기는 잘게 썰어 양념(간장, 설탕, 다진 마늘 등)에 재워둡니다.
2. 밥 1공기를 냄비에 넣고 충분한 양의 물을 부어 섞습니다.
3. 중불에서 천천히 끓여가며 가끔 저어줍니다.
4. 죽이 거의 완성되면 양념에 재운 소고기와 버섯을 넣어 함께 익혀줍니다.
5. 모든 재료가 잘 섞이면서 완전히 익었으면 간을 확인하고 필요하면 소금으로 간을 맞추어 완성합니다.",https://meturial-bucket.s3.ap-northeast-2.amazonaws.com/data/소고기버섯죽/main.jpeg
팥죽,한식,"팥, 쌀","1. 팥을 하루 전에 물에 불려둔 후, 깨끗이 씻는다.
2. 팥과 충분한 물을 넣고 약 1시간 동안 중약불에서 팥이 부드럽게 될 때까지 끓인다.
3. 밥을 추가하여 함께 약 20-30분 동안 더 끓인다.
4. 설탕이나 소금으로 간을 맞춘 후, 잘 저어서 팥죽의 질감을 부드럽게 만든다.
5. 완성된 팥죽을 그릇에 담아낸다.",https://meturial-bucket.s3.ap-northeast-2.amazonaws.com/data/팥죽/main.jpeg
단호박죽,한식,"단호박, 쌀","1. 단호박 200g을 씻은 후 껍질을 제거하고 적당한 크기로 잘라줍니다.
2. 냄비에 단호박 조각과 물 2컵을 넣고 중불에서 끓입니다.
3. 단호박이 부드럽게 익으면 불을 줄이고 밥 1공기를 넣어 잘 섞어줍니다.
4. 밥과 단호박이 잘 섞여 부드러운 죽이 될 때까지 중약불에서 천천히 저어가며 끓입니다.
5. 소금으로 간을 맞추고, 원하는 경우 꿀이나 설탕으로 달달함을 추가할 수 있습니다.",https://meturial-bucket.s3.ap-northeast-2.amazonaws.com/data/단호박죽/main.jpeg
베이컨볶음밥,한식,"베이컨, 쌀","1. 베이컨 100g, 야채(당근, 파, 양파 등)를 적당량 준비하고 잘게 썰어줍니다.
2. 팬에 기름을 두르고 베이컨을 볶다가 야채를 추가하여 함께 볶습니다.
3. 야채가 익으면 밥 1공기를 넣고 잘 섞어줍니다.
4. 간장 소량으로 간을 맞추고 계란 한 개를 풀어 넣어 잘 섞어 볶아 완성합니다.",https://meturial-bucket.s3.ap-northeast-2.amazonaws.com/data/베이컨볶음밥/main.jpeg
김치볶음밥,한식,"김치, 쌀","1. 기름을 두른 팬에 다진 마늘과 김치를 넣어 중불에서 볶는다.
2. 김치가 충분히 익으면 밥을 추가하고 잘 섞어준다.
3. 간장, 설탕, 고추가루 등으로 간을 맞추며 계속해서 볶는다.
4. 필요하다면 참기름과 통깨를 넣어 향을 더한다.
5. 완성된 김치볶음밥을 그릇에 담아 먹는다.",https://meturial-bucket.s3.ap-northeast-2.amazonaws.com/data/김치볶음밥/main.jpeg
간장계란밥,한식,"간장, 계란, 쌀","1. 계란 2개를 풀어서 잘 섞은 후 팬에 기름을 두르고 부숴 소금으로 간을 맞춥니다.
2. 계란이 완전히 익으면 밥 1공기를 넣고 잘 섞어줍니다.
3. 간장 1~2스푼을 넣고 고루 섞어 볶습니다.
4. 모든 재료가 고루 섞인 후에는 불에서 내려 완성합니다.",https://meturial-bucket.s3.ap-northeast-2.amazonaws.com/data/간장계란밥/main.jpeg
스팸볶음밥,한식,"햄, 쌀","1. 스팸 100g, 야채(당근, 파, 양파 등)를 적당량 준비하고 잘게 썰어줍니다.
2. 팬에 기름을 두르고 스팸을 볶다가 야채를 추가하여 함께 볶습니다.
3. 야채가 익으면 밥 1공기를 넣고 잘 섞어줍니다.
4. 간장 소량으로 간을 맞추고 계란 한 개를 풀어 넣어 잘 섞어 볶습니다.
5. 모든 재료가 고루 섞인 후에는 불에서 내려 완성",https://meturial-bucket.s3.ap-northeast-2.amazonaws.com/data/스팸볶음밥/main.jpeg
해물볶음밥,한식,"해물, 쌀","1. 볶을 해물(새우, 조개 등)을 준비하고, 양파와 당근 등 원하는 야채를 적당한 크기로 썰어준다.
2. 팬에 기름을 두르고 다진 마늘과 해물, 야채를 볶는다.
3. 재료가 익었으면 밥을 넣고 계속해서 볶아준다.
4. 간장, 소금, 후추 등으로 간을 맞춘다.
5. 마지막으로 계란을 풀어서 팬 가장자리에 부은 후 잘 섞어 볶는다.
6. 완성",https://meturial-bucket.s3.ap-northeast-2.amazonaws.com/data/해물볶음밥/main.jpeg
카레덮밥,한식,"카레, 쌀","1. 야채(당근, 감자, 양파 등)와 소고기 100g를 적당한 크기로 잘라줍니다.
2. 팬에 기름을 두르고 소고기를 볶다가 야채를 추가하여 함께 볶습니다.
3. 야채가 익으면 카레가루 2스푼을 넣어 잘 섞어줍니다.
4. 물 2컵을 부어 섞은 후 중불에서 끓여줍니다.
5. 카레가 원하는 농도가 될 때까지 천천히 저어가며 끓입니다.
6. 밥 위에 카레를 부어서 완성한다.",https://meturial-bucket.s3.ap-northeast-2.amazonaws.com/data/카레덮밥/main.jpeg
짜장밥,한식,"짜장, 쌀","1. 양파, 당근, 오이 등 원하는 야채와 돼지고기 100g를 적당한 크기로 잘라줍니다.
2. 팬에 기름을 두르고 돼지고기를 볶다가 야채를 추가하여 함께 볶습니다.
3. 야채가 익으면 짜장가루 2스푼을 넣어 잘 섞어줍니다.
4. 물 1컵을 부어 섞은 후 중불에서 끓여줍니다.
5. 짜장 소스가 원하는 농도가 될 때까지 천천히 저어가며 끓입니다.
6. 밥 위에 짜장 소스를 부어서 완성합니다.",https://meturial-bucket.s3.ap-northeast-2.amazonaws.com/data/짜장밥/main.jpeg
오징어덮밥,한식,"오징어, 쌀","1. 오징어 1마리와 야채(당근, 양파, 파 등)를 적당량 준비하고 잘게 썰어줍니다.
2. 팬에 기름을 두르고 오징어를 볶다가 야채를 추가하여 함께 볶습니다.
3. 야채가 익으면 간장 1스푼, 설탕 1/2스푼을 넣고 잘 섞어 볶습니다.
4. 모든 재료가 고루 섞인 후에는 밥 위에 올려서 완성한다.",https://meturial-bucket.s3.ap-northeast-2.amazonaws.com/data/오징어덮밥/main.jpeg
오므라이스,한식,"계란, 쌀","1. 팬에 기름을 두르고 양파, 햄, 채소 등을 볶은 후 밥과 케첩을 넣어 잘 섞는다.
2. 다른 팬에서 계란과 소금을 잘 풀어 계란 후라이를 만든다.
3. 볶은 밥을 그릇에 담아 모양을 만든 후 접시에 옮기고, 이 위에 계란후라이를 올린다.
4. 주의해서 계란후라이를 밥 위로 접어 오므라이스의 형태를 만든다.
5. 마지막으로 케첩으로 장식하면 완성된 오므라이스가 된다.",https://meturial-bucket.s3.ap-northeast-2.amazonaws.com/data/오므라이스/main.jpeg
육회비빔밥,한식,"소고기, 쌀","1. 육회 100g를 준비하고, 야채(상추, 쑥갓, 당근 등)는 잘게 썰어줍니다.
2. 밥을 그릇에 담고 육회와 야채를 고루 올려줍니다.
3. 설탕 1스푼, 간장 1스푼, 참기름 1스푼으로 양념장을 만들어서 비빔밥 위에 뿌려줍니다.
4. 계란노른자 한 개를 중앙에 올려주고 깨소금을 솔솔 뿌린 후 섞어서 먹습니다.",https://meturial-bucket.s3.ap-northeast-2.amazonaws.com/data/육회비빔밥/main.jpeg
김치알밥,한식,"김치, 쌀","1. 김치 100g를 잘게 썰어줍니다. 계란 2개를 풀어서 준비합니다.
2. 팬에 기름을 두르고 김치를 볶다가 밥 1공기와 섞어줍니다.
3. 계란을 부어 잘 섞어 볶습니다.",https://meturial-bucket.s3.ap-northeast-2.amazonaws.com/data/김치알밥/main.jpeg
미역국,한식,미역,"1. 미역 50g을 물에 불려서 잘게 썰어줍니다. 소고기 100g도 적당한 크기로 잘라줍니다.
2. 팬에 기름을 두르고 소고기를 볶다가 미역을 추가하여 함께 볶습니다.
3. 볶은 재료에 물 2L를 부어 섞은 후 중불에서 끓여줍니다.
4. 국이 충분히 우러난 후, 간장과 소금으로 간을 맞춥니다.
5. 마지막으로 대파를 넣고 한소끔 더 끓여 완성",https://meturial-bucket.s3.ap-northeast-2.amazonaws.com/data/미역국/main.jpeg
무국,한식,"무, 쌀","1. 무 200g과 소고기 100g를 적당한 크기로 잘라줍니다.
2. 팬에 기름을 두르고 소고기를 볶다가 무를 추가하여 함께 볶습니다.
3. 볶은 재료에 물 2L를 부어 섞은 후 중불에서 끓여줍니다.
4. 국이 충분히 우러난 후, 간장과 소금으로 간을 맞춥니다.
5. 마지막으로 대파와 마늘을 넣고 한소끔 더 끓여 완성합니다.",https://meturial-bucket.s3.ap-northeast-2.amazonaws.com/data/무국/main.jpeg
콩나물국,한식,콩나물,"1. 콩나물 200g을 준비하고, 고춧가루 1스푼, 소금 1/2스푼, 대파와 마늘을 적당량 준비합니다.
2. 냄비에 물 2L를 붓고 콩나물과 대파를 넣어줍니다.
3. 중불에서 약 15분 동안 끓여줍니다.
4. 국이 충분히 우러난 후, 고춧가루와 소금으로 간을 맞춥니다.
5. 마지막으로 다진 마늘을 넣고 한소끔 더 끓여 완성합니다.",https://meturial-bucket.s3.ap-northeast-2.amazonaws.com/data/콩나물국/main.jpeg
김치콩나물국,한식,"김치, 콩나물","1. 콩나물 200g, 숙성된 김치 100g을 준비하고, 대파와 마늘을 적당량 준비합니다.
2. 팬에 기름을 두르고 김치를 볶다가 콩나물과 대파를 추가하여 함께 볶습니다.
3. 볶은 재료에 물 2L를 부어 섞은 후 중불에서 끓여줍니다.
4. 국이 충분히 우러난 후, 소금으로 간을 맞춥니다.
5. 마지막으로 다진 마늘을 넣고 한소끔 더 끓여 완성합니다.",https://meturial-bucket.s3.ap-northeast-2.amazonaws.com/data/김치콩나물국/main.jpeg
사골곰탕,한식,뼈,"1. 사골을 청결하게 씻은 후 충분한 물에 넣고 30분간 불려준다.
2. 물에 사골을 넣고 센불에서 끓인 후, 육수가 탁해지면 거품을 제거한다.
3. 중불로 줄인 후 5~6시간 이상 천천히 우려낸다.
4. 우려낸 육수를 체로 걸러준다.
5. 사골육수와 소고기를 함께 팔팔 끓여준다.
6. 간은 간장과 소금으로 맞춰 완성한다.",https://meturial-bucket.s3.ap-northeast-2.amazonaws.com/data/사골곰탕/main.jpeg
북엇국,한식,북어,"1. 소고기(불고기용) 150g을 준비하고, 대파와 마늘을 적당량 준비합니다.
2. 냄비에 물 2L를 붓고 소고기를 넣어줍니다.
3. 중불에서 약 20분 동안 끓여 고기가 익도록 합니다.
4. 고기가 익은 후, 간장과 소금으로 간을 맞춥니다.
5. 마지막으로 다진 대파와 마늘을 넣고 한소끔 더 끓여 완성합니다.",https://meturial-bucket.s3.ap-northeast-2.amazonaws.com/data/북엇국/main.jpeg
우거지국,한식,우거지,"1. 소고기 200g과 우거지(대배추) 300g을 적당한 크기로 잘라줍니다.
2. 냄비에 물 2L를 붓고 소고기를 넣어줍니다.
3. 중불에서 약 20분 동안 끓여 고기가 익도록 합니다.
4. 고기가 익은 후, 우거지를 추가하고 다시 한 번 끓입니다.
5. 국이 충분히 우러난 후, 간장과 소금으로 간을 맞춰 완성합니다.",https://meturial-bucket.s3.ap-northeast-2.amazonaws.com/data/우거지국/main.jpeg
시래기국,한식,시래기,"1. 물에 담가둔 시래기 200g과 소고기 100g를 적당한 크기로 잘라줍니다.
2. 팬에 기름을 두르고 소고기를 볶다가 시래기를 추가하여 함께 볶습니다.
3. 볶은 재료에 물 2L를 부어 섞은 후 중불에서 끓여줍니다.
4. 국이 충분히 우러난 후, 간장과 소금으로 간을 맞춥니다.",https://meturial-bucket.s3.ap-northeast-2.amazonaws.com/data/시래기국/main.jpeg
배추된장국,한식,배추,"1. 배추 200g과 된장 2스푼을 준비하고, 대파와 마늘을 적당량 준비합니다.
2. 냄비에 물 2L를 붓고 된장을 넣어 잘 풀어줍니다.
3. 중불에서 약 10분 동안 끓여줍니다.
4.국이 충분히 우러난 후, 배추를 넣고 다시 한 번 끓입니다.
5. 배추가 익은 후, 소금으로 간을 맞춥니다.
6. 마지막으로 다진 마늘을 넣고 한소끔 더 끓여 완성합니다.",https://meturial-bucket.s3.ap-northeast-2.amazonaws.com/data/배추된장국/main.jpeg
매생이국,한식,매생이,"1. 매생이 200g을 물에 씻어 깨끗이 준비합니다.
2. 냄비에 물 2L를 붓고 매생이를 넣어줍니다.
3. 중불에서 약 20분 동안 끓여 매생이가 익도록 합니다.
4. 국이 충분히 우러난 후, 소금과 간장으로 간을 맞춥니다.",https://meturial-bucket.s3.ap-northeast-2.amazonaws.com/data/매생이국/main.jpeg
올갱이국,한식,올갱이,"1. 올갱이 200g을 물에 씻어 깨끗이 준비합니다.
2. 냄비에 물 2L를 붓고, 다시마와 멸치로 육수를 내줍니다(약 10분).
3. 육수가 충분히 나면 멸치와 다시마는 건져내고, 올갱이를 넣어줍니다.
4. 중불에서 약 15분 동안 끓여 올갱이가 익도록 합니다.
5. 국이 충분히 우러난 후, 소금과 간장으로 간을 맞춥니다.",https://meturial-bucket.s3.ap-northeast-2.amazonaws.com/data/올갱이국/main.jpeg
뼈해장국,한식,뼈,"1. 돼지 뼈 1kg은 충분히 물에 담가 핏물을 제거한 후, 깨끗이 씻어줍니다.
2. 큰 냄비에 물을 가득 채우고 돼지 뼈를 넣어준 후 강불에서 10분간 끓여줍니다.
3. 끓인 돼지뼈는 체에 받쳐 국물은 버리고, 다시 한번 흐르는 물로 씻어주며 잡내를 제거합니다.
4. 깨끗이 씻은 돼지뼈를 다시 큰 냄비에 넣고 충분한 양의 물과 함께 중약불에서 2-3시간 정도 천천히 우려내 줍니다.
5. 우려낸 육수에 소금, 후춧가루, 마늘 등으로 간을 맞춥니다.
6. 마지막으로 대파와 소면(선택사항)을 넣고 한소끔더 끓여 완성합니다.",https://meturial-bucket.s3.ap-northeast-2.amazonaws.com/data/뼈해장국/main.jpeg
된장국,한식,된장,"1. 물과 다시마, 멸치 등을 넣어 육수를 내고, 이후 다시마와 멸치는 건져낸다.
2. 육수에 된장을 풀어넣고 잘 섞는다.
3. 두부와 야채(대표적으로 고사리, 애호박 등)를 넣고 중불에서 10-15분간 끓인다.
4. 마늘과 소금으로 간을 맞추고, 대파를 넣어 한소끔 더 끓인다.
5. 완성된 된장국을 그릇에 담아낸다.",https://meturial-bucket.s3.ap-northeast-2.amazonaws.com/data/된장국/main.jpeg
계란감자국,한식,"계란, 감자","1. 감자 2개를 깍뚝썰기로 잘라두고, 계란 2개는 잘 풀어둡니다.
2. 냄비에 물 1.5L를 붓고 감자를 넣어줍니다.
3. 중불에서 약 15분 동안 끓여 감자가 익도록 합니다.
4. 감자가 충분히 익었다면, 소금으로 간을 맞춥니다.
5. 풀어둔 계란을 천천히 부어주면서 국물과 잘 섞습니다.
6. 마지막으로 다진 대파를 넣고 한소끔 더 끓여 완성합니다.",https://meturial-bucket.s3.ap-northeast-2.amazonaws.com/data/계란감자국/main.jpeg
계란국,한식,계란,"1. 계란 2개를 잘 풀어둡니다.
2. 냄비에 물 2L를 붓고 중불에서 끓여줍니다.
3. 물이 끓으면 다시마나 멸치로 육수를 내줍니다(약 10분).
4. 육수가 충분히 나면 멸치나 다시마는 건져내고, 소금으로 간을 맞춥니다.
5. 간이 완료되면 풀어둔 계란을 천천히 부어줍니다.
6. 마지막으로 대파를 넣고 한소끔 더 끓여 완성합니다.",https://meturial-bucket.s3.ap-northeast-2.amazonaws.com/data/계란국/main.jpeg
감자국,한식,"감자, 쌀","1. 감자 3개, 대파 1대를 적당한 크기로 잘라줍니다.
2. 냄비에 참기름을 약간 두르고 감자와 대파를 볶아줍니다.
3. 감자가 투명해질 때까지 중불에서 볶은 후, 물 2L를 부어줍니다.
4. 끓기 시작하면 중약불로 줄이고, 국이 충분히 우러날 때까지 약 20분 동안 끓여줍니다.
5. 마늘과 소금으로 간을 맞추고 완성합니다.",https://meturial-bucket.s3.ap-northeast-2.amazonaws.com/data/감자국/main.jpeg
오징어무국,한식,"오징어, 무","1. 오징어 1마리와 무 200g을 적당한 크기로 잘라줍니다.
2. 냄비에 물 2L를 붓고 무를 넣어줍니다.
3. 중불에서 약 15분 동안 끓여 무가 익도록 합니다.
4. 무가 충분히 익었다면, 오징어를 넣고 다시 한 번 끓입니다.
5. 국이 충분히 우러난 후, 소금과 간장으로 간을 맞춰 완성합니다.",https://meturial-bucket.s3.ap-northeast-2.amazonaws.com/data/오징어무국/main.jpeg
어묵탕,한식,어묵,"1. 어묵 200g을 적당한 크기로 잘라줍니다.
2. 냄비에 물 1L를 붓고, 다시마와 멸치로 육수를 내줍니다(약 10분).
3. 육수가 충분히 나면 멸치와 다시마는 건져내고, 어묵과 대파를 넣어줍니다.
4. 중불에서 약 10분 동안 끓여 어묵이 익도록 합니다.
5. 국이 충분히 우러난 후, 소금과 간장으로 간을 맞춥니다.
6. 마지막으로 고춧가루와 마늘을 넣고 한소끔 더 끓여 완성합니다.",https://meturial-bucket.s3.ap-northeast-2.amazonaws.com/data/어묵탕/main.jpeg
육개장,한식,소고기,"1. 소고기(뼈 없는 부분) 300g을 물에 담가 핏물을 제거한 후, 적당한 크기로 잘라줍니다.
2. 냄비에 물 2L를 붓고, 소고기를 넣어준 후 중약불에서 약 30분간 육수를 내 줍니다.
3. 대파, 양파, 마늘 등을 넣어 향을 내 준 후, 고추장과 고추가루로 매운맛을 추가합니다.
4. 깻잎, 무 등 원하는 야채를 넣어줍니다.
5. 간은 간장과 소금으로 조절해 완성합니다.",https://meturial-bucket.s3.ap-northeast-2.amazonaws.com/data/육개장/main.jpeg
갈비탕,한식,갈비살,"1. 소갈비 1kg은 물에 담가 핏물을 제거한 후, 깨끗이 씻어줍니다.
2. 큰 냄비에 갈비와 충분한 양의 물을 넣고 강불에서 약 10분간 끓여 핏물을 제거합니다.
3. 한 번 끓인 갈비는 체에 받쳐 국물은 버리고, 흐르는 물로 씻어 잡내를 제거합니다.
4. 다시 큰 냄비에 갈비와 충분한 양의 물을 넣고 중약불에서 2-3시간 정도 천천히 우려내 줍니다.
5. 우려낸 육수에 대파, 마늘 등으로 향을 낸 후, 소금과 후춧가루로 간을 맞춥니다.",https://meturial-bucket.s3.ap-northeast-2.amazonaws.com/data/갈비탕/main.jpeg
삼계탕,한식,닭,"1. 통닭을 깨끗이 씻은 후, 대파, 마늘, 생강과 함께 큰 냄비에 넣는다.
2. 물을 충분히 붓고 약 1시간 동안 중불에서 끓인다.
3. 찹쌀, 대추, 인삼 등을 넣고 다시 1시간 이상 더 끓인다.
4. 소금으로 간을 맞추고 필요하면 닭이 부드럽게 익도록 추가로 더 끓인다.
5. 완성된 삼계탕을 그릇에 담아낸다.",https://meturial-bucket.s3.ap-northeast-2.amazonaws.com/data/삼계탕/main.jpeg
추어탕,한식,미꾸라지,"1. 추어 500g는 내장을 제거하고, 물에 담가 핏물을 제거한 후, 깨끗이 씻어줍니다.
2. 큰 냄비에 추어와 충분한 양의 물을 넣고 강불에서 약 30분간 끓여줍니다.
3. 한 번 끓인 추어는 체에 받쳐 국물은 버리고, 흐르는 물로 씻어 잡내를 제거합니다.
4. 다시 큰 냄비에 추어와 충분한 양의 물을 넣고 중약불에서 2-3시간 정도 천천히 우려내 줍니다.
5. 우려낸 육수에 대파, 마늘 등으로 향을 낸 후, 소금과 후춧가루로 간을 맞춥니다.",https://meturial-bucket.s3.ap-northeast-2.amazonaws.com/data/추어탕/main.jpeg
꽃게탕,한식,꽃게,"1. 꽃게 2마리는 솔로 깨끗이 닦아준 후, 가위로 다리 사이사이를 잘라줍니다.
2. 냄비에 물 1.5L를 붓고, 다시마와 멸치로 육수를 내줍니다(약 10분).
3. 육수가 충분히 나면 멸치와 다시마는 건져내고, 꽃게를 넣어줍니다.
4. 중불에서 약 20분 동안 끓여 국물의 맛을 내줍니다.",https://meturial-bucket.s3.ap-northeast-2.amazonaws.com/data/꽃게탕/main.jpeg
홍합탕,한식,홍합,"1. 홍합 500g은 깨끗이 씻어내고, 물에 담가 모래를 제거합니다.
2. 냄비에 홍합과 물 1L을 넣고, 중약불에서 약 10분간 끓여줍니다.
3. 홍합이 입을 벌리면 체로 걸러내어 국물은 따로 보관합니다.
4. 냄비에 다시마 육수와 준비한 국물을 붓고, 대파와 마늘로 향을 낸 후 소금으로 간을 맞춥니다.
5. 육수가 충분히 우러나면 홍합과 청양고추를 넣어준 후 약 5분 동안 한소끔 끓여줍니다.",https://meturial-bucket.s3.ap-northeast-2.amazonaws.com/data/홍합탕/main.jpeg
해물누룽지탕,한식,"해물, 누룽지","1. 해산물(새우, 조개, 오징어 등) 300g은 깨끗이 씻어줍니다.
2. 냄비에 찹쌀 200g과 물 1L을 넣고 중약불에서 약 20분간 끓여 누룽지를 만듭니다.
3. 다른 팬에 식용유를 두르고 마늘을 볶은 후, 준비한 해산물을 넣고 볶아줍니다.
4. 해산물이 익으면 간장, 고춧가루, 설탕 등으로 간을 맞춥니다.
5. 해산물 볶음과 누룽지를 함께 넣고 섞어서 한소끔 더 끓입니다.",https://meturial-bucket.s3.ap-northeast-2.amazonaws.com/data/해물누룽지탕/main.jpeg
된장찌개,한식,된장,"1. 냄비에 물 1L를 붓고, 다시마와 멸치로 육수를 내줍니다(약 10분).
2. 육수가 충분히 나면 멸치와 다시마는 건져내고, 된장 3큰술을 넣어 풀어줍니다.
3. 두부, 양파, 대파, 애호박 등 원하는 재료를 넣고 중불에서 약 10분간 끓여줍니다.
4. 마지막으로 고추와 마늘을 넣고 한소끔 더 끓인 후, 소금과 고춧가루로 간을 맞춰 완성합니다.",https://meturial-bucket.s3.ap-northeast-2.amazonaws.com/data/된장찌개/main.jpeg
차돌된장찌개,한식,"차돌박이, 된장","1. 냄비에 물 1L를 붓고, 다시마와 멸치로 육수를 내줍니다(약 10분).
2. 육수가 충분히 나면 멸치와 다시마는 건져내고, 된장 3큰술을 넣어 풀어줍니다.
3. 차돌박이 200g을 넣고 중불에서 약 10분간 끓여줍니다.
4. 두부, 양파, 대파, 애호박 등 원하는 재료를 넣고 중불에서 약 10분간 계속해서 끓여줍니다.
5. 마지막으로 고추와 마늘을 넣고 조금 더 끓인 후, 소금과 고춧가루로 간을 맞춥니다.",https://meturial-bucket.s3.ap-northeast-2.amazonaws.com/data/차돌된장찌개/main.jpeg
꽃게된장찌개,한식,"꽃게, 된장","1. 꽃게 2마리는 솔로 깨끗이 닦아준 후, 가위로 다리 사이사이를 잘라줍니다.
2. 냄비에 물 1L를 붓고, 다시마와 멸치로 육수를 내줍니다(약 10분).
3. 육수가 충분히 나면 멸치와 다시마는 건져내고, 된장 3큰술을 넣어 풀어줍니다.
4. 꽃게를 넣고 중불에서 약 10분간 끓여줍니다.
5. 양파, 대파, 애호박 등 원하는 재료와 마늘을 넣고 중불에서 약 10분간 계속해서 끓여줍니다.
6. 마지막으로 고추를 넣고 조금 더 요리한 후, 소금과 고춧가루로 간을 맞춥니다.",https://meturial-bucket.s3.ap-northeast-2.amazonaws.com/data/꽃게된장찌개/main.jpeg
김치찌개,한식,김치,"1. 냄비에 돼지고기 200g과 김치 500g을 넣고 중불에서 볶아줍니다.
2. 고기가 반쯤 익으면 김치국물 1컵과 물 2컵을 추가합니다.
3. 끓어오르면 중약불로 줄이고 약 20분간 끓여줍니다.
4. 양파, 대파, 통마늘 등 원하는 재료를 넣고 다시 한번 끓여줍니다.
5. 마지막으로 고추를 넣고 조금 더 요리한 후, 소금과 고춧가루로 간을 맞춥니다.",https://meturial-bucket.s3.ap-northeast-2.amazonaws.com/data/김치찌개/main.jpeg
순두부찌개,한식,순두부,"1. 고추장 1큰술, 고춧가루 1큰술, 다진 마늘 1작은술을 섞어 양념장을 만듭니다.
2. 냄비에 식용유를 두르고 양념장을 볶다가 돼지고기 100g를 추가해 함께 볶습니다.
3. 양파와 애호박을 썰어 넣고 재료들이 잘 섞일 때까지 계속해서 볶습니다.
4. 물 2컵과 다시마 육수를 붓고 중약불에서 약 15분간 끓입니다.
5. 순두부를 통째로 넣은 후 부서지지 않게 주의하며 서서히 저어줍니다.
6. 대파와 청양고추를 넣은 후 소금으로 간을 맞추면 완성입니다.",https://meturial-bucket.s3.ap-northeast-2.amazonaws.com/data/순두부찌개/main.jpeg
부대찌개,한식,"햄, 돼지고기","1. 냄비에 물과 함께 소시지, 햄, 돼지고기 등을 넣고 중불에서 10분간 끓인다.
2. 부대찌개용 양념장(고추장, 고춧가루, 마늘 등)을 넣어 잘 섞는다.
3. 두부, 김치, 양파 등의 재료를 추가하고 약 20분간 더 끓인다.
4. 마지막으로 라면사리와 대파를 넣고 5분 정도 더 끓여 완성한다.
5. 완성된 부대찌개를 그릇에 담아낸다.",https://meturial-bucket.s3.ap-northeast-2.amazonaws.com/data/부대찌개/main.jpeg
청국장,한식,청국장,"1. 메주 200g을 물에 담가 약 2시간동안 재워 메주를 부드럽게 만들어줍니다.
2. 냄비에 물 1L를 붓고, 준비한 메주를 넣고 중불에서 약 20분간 끓여줍니다.
3. 메주가 충분히 잘 풀리면 체에 받쳐 거르면서 고루 저어 청국장을 만듭니다.
4. 청국장이 완성되면 다시 한 번 중불에서 약 10분간 끓여줍니다.
5. 마지막으로 소금으로 간을 맞추고 대파와 마늘로 맛을 낸 후 참기름을 넣어 완성합니다.",https://meturial-bucket.s3.ap-northeast-2.amazonaws.com/data/청국장/main.jpeg
동태찌개,한식,동태,"1. 비에 물 1L를 붓고, 다시마와 멸치로 육수를 내줍니다(약 10분).
2. 육수가 충분히 나면 멸치와 다시마는 건져내고, 고춧가루 2큰술, 고추장 1큰술, 다진 마늘 1작은술을 넣어 풀어줍니다.
3. 동태 토막 300g을 넣고 중불에서 약 10분간 끓여줍니다.
4. 양파, 대파, 애호박 등 원하는 재료와 마늘을 넣고 중불에서 약 10분간 계속해서 끓여줍니다.
5. 마지막으로 고추를 넣고 조금 더 요리한 후, 소금과 간장으로 간을 맞춥니다.",https://meturial-bucket.s3.ap-northeast-2.amazonaws.com/data/동태찌개/main.jpeg
비지찌개,한식,콩비지,"1. 돼지고기 200g를 물에 담가 약 30분간 핏물을 제거해줍니다.
2. 냄비에 물 1L를 붓고, 돼지고기와 함께 고춧가루 2큰술, 다진 마늘 1작은술을 넣어줍니다.
3. 중불에서 약 20분간 끓여 돼지고기가 익도록 합니다.
4. 콩비지를 체에 받아 찌꺼기를 제거하고, 비지육수로 만들어줍니다.
5. 비지육수와 돼지고기 육수를 섞어 넣은 후, 소금과 간장으로 간을 맞춥니다.
6. 마늘과 대파를 넣어서 한 번 더 끓인 후 완성합니다.",https://meturial-bucket.s3.ap-northeast-2.amazonaws.com/data/비지찌개/main.jpeg
고추장찌개,한식,고추장,"1. 냄비에 돼지고기 200g을 넣고 중불에서 볶아줍니다.
2. 고기가 반쯤 익었을 때, 고추장 2큰술, 다진 마늘 1작은술, 고춧가루 1큰술을 추가해 잘 섞어줍니다.
3. 물 1L를 부어주고 약불에서 약 20분간 끓여줍니다.
4. 양파, 대파, 애호박 등 원하는 채소를 넣고 다시 한 번 끓여줍니다.
5. 마지막으로 소금과 간장으로 간을 맞추면 완성입니다.",https://meturial-bucket.s3.ap-northeast-2.amazonaws.com/data/고추장찌개/main.jpeg
짜글이찌개,한식,돼지고기,"1. 냄비에 돼지고기 200g과 물 1L를 넣고 중불에서 약 20분간 끓여 육수를 만듭니다.
2. 고추장 2큰술, 고춧가루 1큰술, 다진 마늘 1작은술을 섞어 양념장을 만듭니다.
3. 육수에 양념장을 넣고 잘 섞어줍니다.
4. 야채(대파, 양파, 애호박 등)와 순두부를 넣고 다시 한 번 끓여줍니다.
5. 마지막으로 소금과 간장으로 간을 맞추면 완성입니다.",https://meturial-bucket.s3.ap-northeast-2.amazonaws.com/data/짜글이찌개/main.jpeg
버섯찌개,한식,버섯,"1. 냄비에 물 800ml를 붓고 중불에서 끓여줍니다.
2. 버섯(새송이, 표고버섯 등) 200g을 깨끗이 씻어서 적당한 크기로 잘라줍니다.
3. 끓는 물에 버섯과 다진 마늘 1작은술을 넣고 약 10분간 끓여줍니다.
4. 양파와 청양고추를 채 썰어 넣고 함께 끓여줍니다.
5. 고춧가루 1큰술과 간장 1큰술을 넣어 맛을 낸 후 소금으로 간을 맞춥니다.
6. 마지막으로 참기름 몇 방울을 넣고 한 번 더 섞어주면 완성입니다.",https://meturial-bucket.s3.ap-northeast-2.amazonaws.com/data/버섯찌개/main.jpeg
소고기찌개,한식,소고기,"1. 냄비에 물 800ml를 붓고 중불에서 끓여줍니다.
2. 소고기(등심, 목심 등) 200g을 적당한 크기로 잘라줍니다.
3. 끓는 물에 소고기와 다진 마늘 1작은술을 넣고 약 10분간 끓여줍니다.
4. 양파와 청양고추를 채 썰어 넣고 함께 끓여줍니다.
5. 고춧가루 1큰술과 고추장 1큰술을 넣어 맛을 낸 후 소금으로 간을 맞춥니다.
6. 마지막으로 참기름 몇 방울을 넣고 한 번 더 섞어주면 완성입니다.",https://meturial-bucket.s3.ap-northeast-2.amazonaws.com/data/소고기찌개/main.jpeg
새우찌개,한식,새우,"1. 냄비에 물 800ml를 붓고 중불에서 끓여줍니다.
2. 신선한 새우 200g을 껍질과 내장을 제거한 후 깨끗이 씻어줍니다.
3. 끓는 물에 새우와 다진 마늘 1작은술을 넣고 약 5분간 끓여줍니다.
4. 양파와 청양고추를 채 썰어 넣고 함께 끓여줍니다.
5. 고춧가루 1큰술과 고추장 1큰술을 넣어 맛을 낸 후 소금으로 간을 맞춥니다.
6. 마지막으로 참기름 몇 방울을 넣고 한 번 더 섞어주면 완성입니다.",https://meturial-bucket.s3.ap-northeast-2.amazonaws.com/data/새우찌개/main.jpeg
밀폐유나베,한식,"소고기, 배추","1. 두부, 어묵, 채소(양파, 버섯 등), 해산물(새우, 조개 등)을 준비하고 적당한 크기로 자른다.
2. 나베용 냄비에 재료들을 넣는다.
3. 간장, 미림, 설탕 등으로 만든 양념장과 물을 넣어 중불에서 끓인다.
4. 재료들이 익으면 훈제 연어와 계란을 부어준 후 다시 한번 끓여 완성한다.",https://meturial-bucket.s3.ap-northeast-2.amazonaws.com/data/밀폐유나베/main.jpeg
소고기버섯전골,한식,"소고기, 버섯","1. 냄비에 물 800ml을 붓고 중불에서 끓여줍니다.
2. 소고기(등심, 목심 등) 200g을 얇게 썬 후 잘게 썰어줍니다.
3. 버섯(새송이, 표고버섯 등) 200g을 깨끗이 씻어서 적당한 크기로 잘라줍니다.
4. 끓는 물에 소고기와 버섯을 넣고 약 10분간 끓여줍니다.
5. 양파와 청양고추를 채 썰어 넣고 함께 끓여줍니다.
6. 고춧가루 1큰술과 고추장 1큰술을 넣어 맛을 낸 후 소금으로 간을 맞춥니다.
7. 마지막으로 참기름 몇 방울과 다진 마늘 1작은술을 넣고 한 번 더 섞어주면 완성입니다.",https://meturial-bucket.s3.ap-northeast-2.amazonaws.com/data/소고기버섯전골/main.jpeg
불고기전골,한식,소고기,"1. 냄비에 물 800ml을 붓고 중불에서 끓여줍니다.
2. 소고기(불고기용 우삼겹살 또는 등심) 200g을 얇게 썬 후 잘게 썰어줍니다.
3. 양파와 청양고추를 채 썰어 준비합니다.
4. 끓는 물에 소고기와 양파, 청양고추를 넣고 약 10분간 끓여줍니다.
5. 고춧가루 1큰술과 고추장 1큰술을 넣어 맛을 낸 후 소금으로 간을 맞춥니다.
6. 마지막으로 참기름 몇 방울과 다진 마늘 1작은술을 넣고 한 번 더 섞어주면 완성입니다.",https://meturial-bucket.s3.ap-northeast-2.amazonaws.com/data/불고기전골/main.jpeg
어묵전골,한식,어묵,"1. 냄비에 물 800ml을 붓고 중불에서 끓여줍니다.
2. 어묵 200g을 적당한 크기로 잘라줍니다.
3. 끓는 물에 어묵과 다진 마늘 1작은술을 넣고 약 5분간 끓여줍니다.
4. 양파와 청양고추를 채 썰어 준비합니다.
5. 어묵에 양파와 청양고추를 넣고 함께 끓여줍니다.
6. 고춧가루 1큰술과 고추장 1큰술을 넣어 맛을 낸 후 소금으로 간을 맞춥니다.
7. 마지막으로 참기름 몇 방울과 다진 마늘 1작은술을 넣고 한 번 더 섞어주면 완성입니다.",https://meturial-bucket.s3.ap-northeast-2.amazonaws.com/data/어묵전골/main.jpeg
만두전골,한식,만두,"1. 냄비에 물 800ml을 붓고 중불에서 끓여줍니다.
2. 만두 200g을 준비합니다 (동그랑땡 모양의 만두를 사용하는 것이 좋습니다).
3. 끓는 물에 만두를 넣고 약 5분간 끓여줍니다.
4. 양파와 청양고추를 채 썰어 준비합니다.
5. 양파와 청양고추를 넣고 함께 끓여줍니다.
6. 고춧가루 1큰술과 고추장 1큰술을 넣어 맛을 낸 후 소금으로 간을 맞춥니다.
7. 마지막으로 참기름 몇 방울과 다진 마늘 1작은술을 넣고 한 번 더 섞어주면 완성입니다.",https://meturial-bucket.s3.ap-northeast-2.amazonaws.com/data/만두전골/main.jpeg
두부전골,한식,두부,"1. 냄비에 물 800ml을 붓고 중불에서 끓여줍니다.
2. 두부 200g을 적당한 크기로 잘라줍니다.
3. 끓는 물에 두부를 넣고 약 5분간 끓여줍니다.
4. 양파와 청양고추를 채 썰어 준비합니다.
5. 양파와 청양고추를 넣고 함께 끓여줍니다.
6. 고춧가루 1큰술과 고추장 1큰술을 넣어 맛을 낸 후 소금으로 간을 맞춥니다.
6. 마지막으로 참기름 몇 방울과 다진 마늘 1작은술을 넣고 한 번 더 섞어주면 완성입니다.",https://meturial-bucket.s3.ap-northeast-2.amazonaws.com/data/두부전골/main.jpeg
버섯전골,한식,버섯,"1. 냄비에 물 800ml을 붓고 중불에서 끓여줍니다.
2. 버섯(새송이, 표고버섯 등) 200g을 깨끗이 씻어서 적당한 크기로 잘라줍니다.
3. 끓는 물에 버섯을 넣고 약 5분간 끓여줍니다.
4. 양파와 청양고추를 채 썰어 준비합니다.
5. 양파와 청양고추를 넣고 함께 끓여줍니다.
6. 고춧가루 1큰술과 고추장 1큰술을 넣어 맛을 낸 후 소금으로 간을 맞춥니다.
7. 마지막으로 참기름 몇 방울과 다진 마늘 1작은술을 넣고 한 번 더 섞어주면 완성입니다.",https://meturial-bucket.s3.ap-northeast-2.amazonaws.com/data/버섯전골/main.jpeg
곱창전골,한식,곱창,"1. 냄비에 물 800ml을 붓고 중불에서 끓여줍니다.
2. 곱창(소곱창 또는 대창) 200g을 적당한 크기로 잘라줍니다.
3. 끓는 물에 곱창을 넣고 약 5분간 끓여줍니다.
4. 양파와 청양고추를 채 썰어 준비합니다.
5. 양파와 청양고추를 넣고 함께 끓여줍니다.
6. 고춧가루 1큰술과 고추장 1큰술을 넣어 맛을 낸 후 소금으로 간을 맞춥니다.
7. 마지막으로 참기름 몇 방울과 다진 마늘 1작은술을 넣고 한 번 더 섞어주면 완성입니다.",https://meturial-bucket.s3.ap-northeast-2.amazonaws.com/data/곱창전골/main.jpeg
대창전골,한식,대창,"1. 냄비에 물 800ml을 붓고 중불에서 끓여줍니다.
2. 대창(소대창 또는 돼지대창) 200g을 적당한 크기로 잘라줍니다.
3. 끓는 물에 대창을 넣고 약 5분간 끓여줍니다.
4. 양파와 청양고추를 채 썰어 준비합니다.
5. 양파와 청양고추를 넣고 함께 끓여줍니다.
6. 고춧가루 1큰술과 고추장 1큰술을 넣어 맛을 낸 후 소금으로 간을 맞춥니다.
7. 마지막으로 참기름 몇 방울과 다진 마늘 1작은술을 넣고 한 번 더 섞어주면 완성입니다.",https://meturial-bucket.s3.ap-northeast-2.amazonaws.com/data/대창전골/main.jpeg
아롱사태전골,한식,소고기,"1. 냄비에 물 800ml을 붓고 중불에서 끓여줍니다.
2. 아롱사태(소아롱사태 또는 돼지아롱사태) 200g을 적당한 크기로 잘라줍니다.
3. 끓는 물에 아롱사태를 넣고 약 5분간 끓여줍니다.
4. 양파와 청양고추를 채 썰어 준비합니다.
5. 양파와 청양고추를 넣고 함께 끓여줍니다.
6. 고춧가루 1큰술과 고추장 1큰술을 넣어 맛을 낸 후 소금으로 간을 맞춥니다.
7. 마지막으로 참기름 몇 방울과 다진 마늘 1작은술을 넣고 한 번 더 섞어주면 완성입니다.",https://meturial-bucket.s3.ap-northeast-2.amazonaws.com/data/아롱사태전골/main.jpeg
불낙전골,한식,낙지,"1. 냄비에 물 800ml을 붓고 중불에서 끓여줍니다.
2. 불낙(소불낙 또는 돼지불낙) 200g을 적당한 크기로 잘라줍니다.
3. 끓는 물에 불낙을 넣고 약 5분간 끓여줍니다.
4. 양파와 청양고추를 채 썰어 준비합니다.
5. 양파와 청양고추를 넣고 함께 끓여줍니다.
6. 고춧가루 1큰술과 고추장 1큰술을 넣어 맛을 낸 후 소금으로 간을 맞춥니다.
7. 마지막으로 참기름 몇 방울과 다진 마늘 1작은술을 넣고 한 번 더 섞어주면 완성입니다.",https://meturial-bucket.s3.ap-northeast-2.amazonaws.com/data/불낙전골/main.jpeg
삼겹살,한식,돼지고기,"1. 삼겹살을 냉장고에서 미리 꺼내 실온에 맞춰둔다.
2. 그릴이나 팬을 중불에서 달군 후, 삼겹살을 올려 앞뒤로 잘 구운다.
3. 고기가 충분히 익었으면 가위나 집게로 소비하기 좋은 크기로 잘라준다.
4. 별도의 팬에 마늘과 버섯 등의 야채를 기름에 볶아 서빙한다.
5. 구운 삼겹살과 함께 볶은 야채, 상추, 쌈장 등을 준비해 같이 먹는다.",https://meturial-bucket.s3.ap-northeast-2.amazonaws.com/data/삼겹살/main.jpeg
수육,한식,돼지고기,"1. 돼지고기를 깨끗이 씻고 물기를 제거합니다.
2. 돼지고기를 얇게 편 형태로 자릅니다.
3. 대파, 마늘, 생강을 다져서 양념장을 만듭니다.
4. 돼지고기에 양념장을 골고루 발라줍니다.
5. 팬이나 그릴에 식용유를 두르고 중간 불에서 돼지고기를 구웁니다.
6. 한 면이 익으면 반대 면도 같은 방식으로 구웁니다.
7. 수육이 완전히 익었다면 식혀줍니다.",https://meturial-bucket.s3.ap-northeast-2.amazonaws.com/data/수육/main.jpeg
스테이크구이,양식,소고기,"1. 팬을 중간 불로 예열합니다.
2. 스테이크에 소금과 후추를 골고루 뿌립니다.
3. 식용유를 팬에 두르고 스테이크를 넣어 한쪽 면을 2~3분 동안 구웁니다.
4. 스테이크를 뒤집어 다른 면도 2~3분 동안 구웁니다.
5. 원하는 익도에 따라 추가로 구워줍니다 (레어: 1-2분, 미디엄: 3-4분, 웰던: 5-6분).
6. 알루미늄 호일에 싸서 5분 정도 쉬게 합니다 (레스트 타임).",https://meturial-bucket.s3.ap-northeast-2.amazonaws.com/data/스테이크구이/main.jpeg
찹스테이크,양식,소고기,"1. 소고기 다진 고기에 양파, 마늘, 소금, 후추를 넣고 잘 섞습니다.
2. 섞은 고기를 원하는 크기로 떼어내어 동그랗게 모양을 만듭니다.
3. 팬을 중간 불로 예열하고 식용유를 두릅니다.
4. 팬에 찹스테이크를 넣고 한쪽 면을 3~4분 동안 구웁니다.
5. 찹스테이크를 뒤집어 다른 면도 3~4분 동안 구웁니다.
6. 원하는 익도에 따라 추가로 구워줍니다 (레어: 1-2분, 미디엄: 3-4분, 웰던: 5-6분).
7. 알루미늄 호일에 싸서 5분 정도 쉬게 합니다 (레스트 타임).",https://meturial-bucket.s3.ap-northeast-2.amazonaws.com/data/찹스테이크/main.jpeg
갈비찜,한식,갈비살,"1. 갈비에 물, 간장, 설탕, 다진 파, 다진 마늘을 넣고 재료를 골고루 섞어줍니다.
2. 중간 불로 예열한 냄비에 갈비와 함께 재료를 옮겨 넣습니다.
3. 냄비에 충분한 양의 물을 부어서 갈비가 잠길 정도로 만듭니다.
4. 대략 1시간 동안 약불에서 갈비가 푹 익을 때까지 찜해줍니다.
5. 익은 갈비를 꺼내고 양파와 당근 등 추가적인 야채를 넣어 함께 찜해줍니다.
6. 약불에서 야채가 익을 때까지 15~20분 정도 더 찜해줍니다.",https://meturial-bucket.s3.ap-northeast-2.amazonaws.com/data/갈비찜/main.jpeg
돼지갈비,한식,돼지고기,"1. 돼지갈비에 간장, 설탕, 다진 파, 다진 마늘을 넣고 재료를 골고루 섞어줍니다.
2. 중간 불로 예열한 팬에 돼지갈비를 넣고 한쪽 면을 3~4분 동안 구웁니다.
3. 갈비를 뒤집어서 다른 면도 3~4분 동안 구웁니다.
4. 원하는 익도에 따라 추가로 구워줍니다 (레어: 1-2분, 미디엄: 3-4분, 웰던: 5-6분).
5. 갈비가 완전히 익었다면 알루미늄 호일에 싸서 잠시 쉬게 합니다.",https://meturial-bucket.s3.ap-northeast-2.amazonaws.com/data/돼지갈비/main.jpeg
LA갈비,양식,돼지고기,"1. LA갈비에 간장, 설탕, 다진 파, 다진 마늘을 넣고 재료를 골고루 섞어줍니다.
2. 중간 불로 예열한 그릴이나 팬에 LA갈비를 넣고 한쪽 면을 3~4분 동안 구웁니다.
3. 갈비를 뒤집어서 다른 면도 3~4분 동안 구웁니다.
4. 원하는 익도에 따라 추가로 구워줍니다 (레어: 1-2분, 미디엄: 3-4분, 웰던: 5-6분).
5. 완전히 익은 후 알루미늄 호일에 싸서 잠시 쉬게 합니다.",https://meturial-bucket.s3.ap-northeast-2.amazonaws.com/data/LA갈비/main.jpeg
바베큐,양식,돼지고기,"1. 바베큐를 할 고기(소고기, 돼지고기, 닭고기 등)에 소금과 후추를 뿌려 양념합니다.
2. 바베큐 그릴을 중간 불로 예열합니다.
3. 그릴에 고기를 올려 한쪽 면을 3~4분 동안 구웁니다.
4. 고기를 뒤집어서 다른 면도 3~4분 동안 구웁니다.
5. 원하는 익도에 따라 추가로 구워줍니다 (레어: 1-2분, 미디엄: 3-4분, 웰던: 5-6분).
6. 완전히 익은 후 알루미늄 호일에 싸서 잠시 쉬게 합니다.",https://meturial-bucket.s3.ap-northeast-2.amazonaws.com/data/바베큐/main.jpeg
김치등갈비찜,한식,"김치, 갈비살","1. 먼저 등갈비는 깨끗이 씻어서 물에 30분 정도 담가두어 피를 뺍니다.
2. 간장, 설탕, 다진 마늘, 참기름 등으로 만든 양념을 등갈비에 골고루 발라줍니다.
3. 중간 불로 예열한 냄비에 양념한 등갈비를 넣습니다.
4. 그 위에 김치와 양파, 대파를 올려줍니다.
5. 충분한 양의 물을 부어서 재료가 잠길 정도로 만듭니다.
6. 대략 1시간 동안 약불에서 갈비와 김치가 푹 익을 때까지 찜해줍니다.",https://meturial-bucket.s3.ap-northeast-2.amazonaws.com/data/김치등갈비찜/main.jpeg
묵은지돼지갈비찜,한식,"김치, 갈비살","1. 돼지갈비는 물에 30분 정도 담가두어 피를 뺀 후, 간장, 설탕, 다진 마늘, 참기름 등으로 만든 양념을 골고루 발라줍니다.
2. 중간 불로 예열한 냄비에 양념한 돼지갈비를 넣습니다.
3. 그 위에 묵은지와 양파, 대파를 올려줍니다.
4. 충분한 양의 물을 부어서 재료가 잠길 정도로 만듭니다.
5. 대략 1시간 동안 약불에서 갈비와 김치가 푹 익을 때까지 찜해줍니다.",https://meturial-bucket.s3.ap-northeast-2.amazonaws.com/data/묵은지돼지갈비찜/main.jpeg
매운쪽갈비찜,한식,갈비살,"1. 쪽갈비는 물에 30분 정도 담가두어 피를 뺀 후, 간장, 고춧가루, 설탕, 다진 마늘, 참기름 등으로 만든 매운 양념을 골고루 발라줍니다.
2. 중간 불로 예열한 냄비에 양념한 쪽갈비를 넣습니다.
3. 그 위에 양파와 대파를 올려줍니다.
4. 충분한 양의 물을 부어서 재료가 잠길 정도로 만듭니다.
5. 대략 1시간 동안 약불에서 갈비가 푹 익을 때까지 찜해줍니다.",https://meturial-bucket.s3.ap-northeast-2.amazonaws.com/data/매운쪽갈비찜/main.jpeg
폭립,양식,돼지고기,"1. 폭립은 물에 30분 정도 담가두어 피를 뺀 후, 간장, 설탕, 다진 마늘, 참기름 등으로 만든 양념을 골고루 발라줍니다.
2. 양념한 폭립을 냉장고에서 1시간 이상 재워줍니다.
3. 중간 불로 예열한 오븐이나 그릴에 폭립을 올려 한쪽 면을 15분 동안 구웁니다.
4. 폭립을 뒤집어서 다른 면도 15분 동안 구웁니다.
5. 추가적으로 바베큐 소스를 발라주면서 원하는 익힘 정도까지 약 10~15분 동안 추가로 구워줍니다.",https://meturial-bucket.s3.ap-northeast-2.amazonaws.com/data/폭립/main.jpeg
제육볶음,한식,돼지고기,"1. 돼지고기를 적당한 크기로 자르고 양념장(간장, 고추장, 고춧가루, 설탕 등)에 30분간 재워둡니다.
2. 팬에 기름을 두르고 마늘과 양파를 볶은 후 재운 돼지고기를 넣어 볶습니다.
3. 중간에 물을 적당량 넣어준 후 약불에서 10분 정도 더 볶습니다.
4. 마지막으로 파와 청양고추를 넣어 잠시 볶아 완성합다.
5. 그릇에 담아낸다.",https://meturial-bucket.s3.ap-northeast-2.amazonaws.com/data/제육볶음/main.jpeg
소불고기,한식,소고기,"1. 소고기는 얇게 썰어서 준비합니다.
2. 간장, 설탕, 맛술, 다진 마늘, 참기름 등으로 만든 양념에 소고기를 재워서 30분 이상 재워둡니다.
3. 중간 불로 예열한 팬에 양념한 소고기를 넣습니다.
4. 고기가 완전히 익을 때까지 약 5~7분 동안 볶아 완성합니다.",https://meturial-bucket.s3.ap-northeast-2.amazonaws.com/data/소불고기/main.jpeg
돼지불고기,한식,돼지고기,"1. 돼지고기는 얇게 썰어서 준비합니다.
2. 간장, 고추장, 설탕, 다진 마늘, 참기름 등으로 만든 양념에 돼지고기를 재워서 30분 이상 재워둡니다.
3. 중간 불로 예열한 팬에 양념한 돼지고기를 넣습니다.
4. 고기가 완전히 익을 때까지 약 5~7분 동안 볶아줍니다.",https://meturial-bucket.s3.ap-northeast-2.amazonaws.com/data/돼지불고기/main.jpeg
닭볶음탕,한식,닭,"1. 닭은 물에 30분 정도 담가두어 피를 뺀 후, 큰 조각으로 썰어 준비합니다.
2. 간장, 고추장, 고춧가루, 설탕, 다진 마늘 등으로 만든 양념을 닭에 골고루 발라줍니다.
3. 중간 불로 예열한 냄비에 양념한 닭을 넣고 볶아줍니다.
4. 그 위에 감자와 당근을 추가하고 충분한 양의 물을 부어서 재료가 잠길 정도로 만듭니다.
5. 대략 30~40분 동안 약불에서 닭과 야채가 푹 익을 때까지 찜해줍니다.",https://meturial-bucket.s3.ap-northeast-2.amazonaws.com/data/닭볶음탕/main.jpeg
닭갈비,한식,닭,"1. 닭고기는 얇게 썰어서 준비합니다.
2. 간장, 고추장, 설탕, 다진 마늘, 참기름 등으로 만든 양념에 닭고기를 재워서 30분 이상 재워둡니다.
3. 중간 불로 예열한 팬에 양념한 닭고기를 넣습니다.
4. 야채 (양파, 파프리카, 당근 등)를 추가하고 함께 볶아줍니다.
5. 고기와 야채가 완전히 익을 때까지 약 10~15분 동안 볶아서 완성합니다.",https://meturial-bucket.s3.ap-northeast-2.amazonaws.com/data/닭갈비/main.jpeg
훈제오리구이,한식,오리,"1. 중간 불로 예열한 팬에 미리 준비한 훈제 오리를 넣습니다.
2. 오리가 완전히 익을 때까지 약 5~7분 동안 양면을 굽습니다.",https://meturial-bucket.s3.ap-northeast-2.amazonaws.com/data/훈제오리구이/main.jpeg
단호박훈제오리찜,한식,"단호박, 오리","1. 단호박은 뚜껑을 잘라내고 속을 파낸 후 준비합니다.
2. 훈제 오리는 얇게 썰어서 준비합니다.
3. 단호박 안에 훈제 오리를 넣고, 위에 조금의 꿀이나 설탕을 뿌려줍니다.
4. 중간 불로 예열한 찜기에 단호박을 넣습니다.
5. 대략 20~30분 동안 약불에서 단호박이 익고, 오리가 부드러워질 때까지 찜해줍니다.",https://meturial-bucket.s3.ap-northeast-2.amazonaws.com/data/단호박훈제오리찜/main.jpeg
삼겹살숙주볶음,한식,돼지,"1. 삼겹살은 얇게 썰어서 준비합니다.
2. 팬을 중간 불로 예열한 후, 삼겹살을 넣고 볶습니다.
3. 삼겹살이 반쯤 익었을 때 숙주를 추가하고 함께 볶아줍니다.
4. 간장, 설탕, 다진 마늘 등으로 만든 양념을 넣고 잘 섞어줍니다.
5. 모든 재료가 완전히 익을 때까지 약 5~7분 동안 볶아줍니다.",https://meturial-bucket.s3.ap-northeast-2.amazonaws.com/data/삼겹살숙주볶음/main.jpeg
차돌숙주볶음,한식,돼지,"1. 차돌박이는 얇게 썰어서 준비합니다.
2. 팬을 중간 불로 예열한 후, 차돌박이를 넣고 볶습니다.
3. 차돌박이가 반쯤 익었을 때 숙주를 추가하고 함께 볶아줍니다.
4. 간장, 설탕, 다진 마늘 등으로 만든 양념을 넣고 잘 섞어줍니다.
5. 모든 재료가 완전히 익었을 때까지 약 5~7분 동안 볶아줍니다.",https://meturial-bucket.s3.ap-northeast-2.amazonaws.com/data/차돌숙주볶음/main.jpeg
찜닭,한식,닭,"1. 닭고기는 크게 잘라서 준비합니다.
2. 간장, 고추장, 설탕, 다진 마늘 등으로 만든 양념에 닭고기를 재워서 30분 이상 재워둡니다.
3. 중간 불로 예열한 팬에 양념한 닭고기를 넣습니다.
4. 야채 (감자, 당근, 양파 등)와 떡을 추가하고 함께 볶아줍니다.
5. 충분한 물을 부어 모든 재료가 잠길 정도로 넣은 후 대략 20~30분 동안 중간 불에서 찜해줍니다.",https://meturial-bucket.s3.ap-northeast-2.amazonaws.com/data/찜닭/main.jpeg
소세지야채볶음,한식,"돼지고기, 채소","1. 소세지와 야채(양파, 당근, 피망 등)를 적당한 크기로 자른다.
2. 팬에 기름을 두르고 소세지를 중불에서 구워준다.
3. 야채들을 추가하여 함께 볶아준다.
4. 간장과 설탕으로 간을 맞춘 후 대파로 마무리하여 잠시더 볶는다.
5. 그릇에 담아낸다.",https://meturial-bucket.s3.ap-northeast-2.amazonaws.com/data/소세지야채볶음/main.jpeg
돈까스,일식,돼지고기,"1. 돼지 등심이나 안심을 적당한 두께로 잘라서 소금, 후추로 간합니다.
2. 밀가루, 달걀, 빵가루 순으로 돼지고기에 입혀줍니다.
3. 기름이 충분히 뜨거워진 프라이팬 혹은 튀김기에 넣어줍니다.
4. 고기가 황금색이 될 때까지 중간 불에서 튀깁니다.
5. 키친 타올 등에 기름기를 제거한 후 완성합니다.",https://meturial-bucket.s3.ap-northeast-2.amazonaws.com/data/돈까스/main.jpeg
떡갈비,한식,돼지고기,"1. 소고기 (또는 돼지고기)를 잘게 다진다.
2. 대파, 양파, 당근, 고추를 다져서 소고기와 함께 큰 볼에 넣는다.
3. 마늘, 생강, 간장, 설탕, 참기름, 후추를 볼에 넣고 모든 재료를 잘 섞는다.
4. 떡을 준비하고 물에 데치거나 미리 불에 볶아 노릇하게 만든다.
5. 떡을 소고기 혼합물에 넣고 모두 섞는다.
6. 팬에 식용유를 두르고 떡갈비를 구워낸다. 양쪽 면이 고루 익을 때까지 중약 불에서 약 3~4분씩 구워준다.
7. 떡갈비가 고루 익었으면 접시에 담아 상추나 깻잎과 함께 내놓으면 완성.",https://meturial-bucket.s3.ap-northeast-2.amazonaws.com/data/떡갈비/main.jpeg
동그랑땡,한식,"돼지고기, 채소","1. 두부를 먹기 좋은 크기로 다진다.
2. 양파를 깨끗하게 깎고 다져준다.
3. 두부와 양파를 볼에 넣고 다진 마늘, 소금, 후추를 넣고 잘 섞는다.
4. 밀가루를 조금씩 더해가며 반죽을 만든다. 두부와 양파가 물기를 내므로 밀가루는 적당한 양을 사용하여 반죽을 만든다.
5. 손에 식용유를 바르고 반죽을 가져와 동그랑땡 모양으로 빚는다.
6. 팬에 식용유를 두르고 중불에서 동그랑땡을 굽는다. 양쪽 면이 고급 갈색이 될 때까지 굽는다.
7. 동그랑땡을 종이 타월 위에 올려 기름을 흡수시킨 후 접시에 담아 남은 기름을 털어낸다.",https://meturial-bucket.s3.ap-northeast-2.amazonaws.com/data/동그랑땡/main.jpeg
편백나무찜,한식,돼지고기,,https://meturial-bucket.s3.ap-northeast-2.amazonaws.com/data/편백나무찜/main.jpeg
곱창구이,한식,곱창,"1. 곱창을 청결하게 씻은 후 끓는 물에 1~2분간 데쳐서 준비한다.
2. 팬이나 그릴에 곱창을 넣고 중불에서 천천히 구워준다.
3. 곱창이 익으면 가위로 적당한 크기로 잘라준다.
4. 간장, 마늘, 참기름 등으로 만든 양념장에 찍어서 먹거나, 소금과 후춧가루를 섞어 만든 간장에 찍어서 먹는다.",https://meturial-bucket.s3.ap-northeast-2.amazonaws.com/data/곱창구이/main.jpeg
막창구이,한식,막창,"1. 막창을 미리 씻어서 깨끗하게 준비하세요.
2. 대파와 양파를 잘게 썬 후, 고추를 얇게 썰어주세요 (고추는 매운 맛을 원한다면 사용).
3. 막창을 끓는 물에 2-3분 동안 데쳐주세요. 이렇게 하면 불순물이 제거되고 냄새가 줄어듭니다.
4. 데친 막창을 체에 밭쳐 물기를 제거하세요.
5. 대파, 양파, 고추, 다진 마늘, 소금, 후추, 고추가루를 사용해 막창을 양념하세요.
6. 양념이 고루 발라진 막창을 꼼꼼하게 꼬치에 꿰어주세요.
7. 중간 불로 달궈진 바베큐 그릴이나 팬에 막창을 적당이 구워서 완성합니다.",https://meturial-bucket.s3.ap-northeast-2.amazonaws.com/data/막창구이/main.jpeg
족발,한식,돼지고기,"1. 물에 족발을 넣고 끓이기 전에 미리 살짝 씻어주세요.
2. 냄비에 물을 붓고 족발을 넣은 뒤 끓기 시작하면 약 10분 동안 데쳐주세요.
3. 데친 족발을 찬물에 담가 식힌 후, 물기를 제거하세요.
4. 냄비에 다시 물을 붓고 족발을 넣고, 마늘, 대파, 생강을 추가하고 물이 뒤덮을 정도로 물을 더 넣습니다.
5. 간장, 설탕, 소금, 후추를 넣고 섞어주세요.
6. 물이 끓기 시작하면 중약불로 줄여 뚜껑을 덮고 2-3시간 정도 족발이 부드러워질 때까지 끓입니다.
7. 부드러워진 족발을 꺼내서 식혀 완성합니다.",https://meturial-bucket.s3.ap-northeast-2.amazonaws.com/data/족발/main.jpeg
치킨,한식,닭,"1. 닭고기를 적당한 크기로 잘라내고, 소금과 후추로 간을 해주세요.
2. 밀가루, 달걀, 빵가루를 각각 다른 접시에 준비하세요.
3. 닭고기 조각을 밀가루에 묻히고, 달걀에 푹 절여서, 마지막으로 빵가루로 뒤집어 덮쳐주세요.
4. 팬에 식용유를 충분히 두고 중불에서 예열하고, 닭고기를 튀길 때 식용유가 충분히 덮일 수 있도록 충분한 양의 식용유를 사용하세요.
5. 예열된 식용유에 닭고기를 넣고 중간 중간 뒤집어가며 골고루 익힙니다 (약 10-15분 정도).
6. 닭고기가 노릇하게 튀겨진 후, 종이타월 위에 올려 불순물을 제거해 완성합니다.",https://meturial-bucket.s3.ap-northeast-2.amazonaws.com/data/치킨/main.jpeg
닭강정,한식,닭,"1. 닭다리 또는 닭날개를 씻고 물기를 털어내세요.
2. 감자전분 (또는 밀가루), 계란, 빵가루를 각각 다른 접시에 준비하세요.
3. 닭다리나 닭날개를 감자전분 (또는 밀가루)에 묻힌 후, 계란에 담가서 푹 절여주세요.
4. 다시 감자전분에 묻힌 후, 빵가루에 덮쳐서 골고루 묻혀주세요.
5. 중간 불에서 예열된 식용유에 닭다리나 닭날개를 골고루 익히고 노릇하게 튀겨내세요 (약 10-15분 정도).
6. 닭강정을 튀기는 동안, 간장, 설탕, 다진 마늘, 생강 (선택사항), 물을 섞어 양념소스를 만들어주세요.
7. 튀겨진 닭강정을 종이타월 위에 올려 불순물을 제거하세요.
8. 양념소스를 닭강정에 더해주고, 모든 부분에 골고루 양념을 묻혀 완성합니다.",https://meturial-bucket.s3.ap-northeast-2.amazonaws.com/data/닭강정/main.jpeg
생선까스,한식,생선,"1. 생선살은 소금과 후춧가루로 양념하며 밀가루->달걀->브레드크럼 순서대로 튀김옷을 입힌다.
2. 팬에 식용유를 충분히 붓고 중불에서 온도가 올라갈 때까지 기다린 후 생선회 까스를 넣는다.
3. 생선회 까스의 모든 면이 금색이 될 때까지 굽는 다음 종이타월 위에 옮겨 기름을 제거한다.
4. 완성된 생선회 까스 위에 타르타르 소스나 치킨 무 스타일의 속젖은 손질된 채소와 함께 내어 줍니다.
5. 그릇에 담아낸다.",https://meturial-bucket.s3.ap-northeast-2.amazonaws.com/data/생선까스/main.jpeg
연어스테이크,한식,생선,"1. 연어를 2cm 두께로 슬라이스하고 소금과 후춧가루로 양념한다.
2. 팬에 기름을 두르고 중불에서 연어를 양면 금방색이 나도록 구워준다.
3. 버터와 마늘을 추가해 향을 내준 후, 완성된 연어 위에 버터소스를 뿌려준다.
4. 옆으로 레몬 조각과 파슬리 잎으로 장식한다.
5. 그릇에 담아낸다.",https://meturial-bucket.s3.ap-northeast-2.amazonaws.com/data/연어스테이크/main.jpeg
오징어볶음,한식,오징어,"1. 오징어는 내장을 제거하고 채썰며, 야채(양파, 당근, 대파 등)도 채썬다.
2. 볶음장(간장, 고추장, 설탕 등)을 만들어둔다.
3. 팬에 기름을 두르고 야채들부터 볶은 후 오징어를 넣고 같이 볶는다.
4. 볶음장을 넣고 잘 섞으면서 볶아 준다.
5. 그릇에 담아낸다.",https://meturial-bucket.s3.ap-northeast-2.amazonaws.com/data/오징어볶음/main.jpeg
미나리오징어초무침,한식,오징어,"1. 오징어를 깨끗이 씻고 물기를 털어내고, 오징어를 끓는 물에 2-3분간 데쳐서 삶아주세요.
2. 삶은 오징어를 식혀서 얇게 채 썰어주세요.
3. 미나리는 씻어서 길게 잘라주세요.
4. 고추장, 고춧가루 (선택사항), 설탕, 식초, 간장, 참기름, 다진 마늘, 소금을 골고루 섞어 양념을 만들어주세요.
5. 미나리와 오징어를 양념에 넣고 골고루 섞어주세요.
6. 미나리오징어초무침을 접시에 담고 참깨를 뿌려 장식하세요.
7. 냉장고에서 식혀 30분 정도 숙성시켜 완성합니다..",https://meturial-bucket.s3.ap-northeast-2.amazonaws.com/data/미나리오징어초무침/main.jpeg
쭈꾸미볶음,한식,쭈꾸미,"1. 청양 고추와 양파 , 대파 , 매운 고춧가루 , 간장 , 맛 술 , 생강즙 등 을 사용하여 양념 을 만든 다
2. 그런 다음 이 양념 에 쭈꾸미 가 잘 베 독 할 수 있 독록 30 분 정도 절여놓습니다
3. 팬 에 기름 을 가열 하여 양념 한 쭈꾸미 를 넣고 볶습니다
4. 쭈꾸미 가 익으면 대파 와 청양 고추 를 넣고 조금 더 볶아 줍니다
5. 그릇에 담아낸다",https://meturial-bucket.s3.ap-northeast-2.amazonaws.com/data/쭈꾸미볶음/main.jpeg
아귀찜,한식,아귀,"1. 아귀는 깨끗이 손질한 후 적당한 크기로 자르고, 야채(양파, 대파, 청양고추 등)도 준비한다.
2. 간장, 매운 고춧가루, 설탕 등으로 만든 양념장에 아귀를 재워둔다.
3. 팬에 기름을 두르고 야채들부터 볶은 후 양념한 아귀를 넣어 볶는다.
4. 물을 부어 충분히 익힌 후 마지막으로 참기름과 깨소금을 뿌려준다.
5. 그릇에 담아낸다.",https://meturial-bucket.s3.ap-northeast-2.amazonaws.com/data/아귀찜/main.jpeg
해물찜,한식,해물,"1. 해산물은 깨끗이 씻고, 양파, 대파, 마늘, 고추는 얇게 채 썰어주세요.
2. 두부는 2x2cm 정도의 크기로 잘라주세요.
3. 냄비에 다시마와 물을 넣고 끓입니다.
4. 물이 끓으면 양파, 대파, 마늘, 고추 (선택사항)를 넣고 끓입니다.
5. 간장, 설탕, 고춧가루 (선택사항), 참기름을 넣고 잘 섞어주세요.
6. 해산물과 두부를 냄비에 넣고 중불로 10-15분 정도 끓입니다.
7. 해산물이 익은 후에는 소금과 후추로 간을 맞춰주세요.
8. 냄비에서 두부와 해산물을 꺼내어 접시에 담고, 양파, 대파, 마늘, 고추로 장식합니다.",https://meturial-bucket.s3.ap-northeast-2.amazonaws.com/data/해물찜/main.jpeg
고등어구이,한식,고등어,"1. 고등어는 내장을 제거하여 소금, 후춧가루로 간하며, 팽이버섯이나 대파와 같은 향신료도 준비합니다.
2. 그릴 팬에 기름을 바른 다음 중약불에서 고등어를 구웁니다.
3. 모든 면이 금색이 될 때까지 돌려 가며 구웁니다.
4. 완성된 고등어에 레몬 조각 을 뿌리고 향신료로 장식합니다.
5. 그릇에 담아낸다.",https://meturial-bucket.s3.ap-northeast-2.amazonaws.com/data/고등어구이/main.jpeg
고등어조림,한식,고등어,"1. 고등어는 비늘을 제거하고 깨끗이 씻은 후, 머리와 내장을 제거하세요.
2. 대파, 마늘, 생강, 고추 (선택사항)는 얇게 채 썰어주세요.
3. 냄비에 대파, 마늘, 생강, 고추, 간장, 설탕, 고춧가루 (선택사항), 물을 넣고 섞어 양념을 만들어주세요.
4. 양념 속에 고등어를 넣고 10분 정도 재워주세요.
5. 냄비에 고등어와 양념을 넣고 끓입니다.
6. 끓기 시작하면 중약불로 줄이고 뚜껑을 덮어 약 15-20분 동안 조립니다.
7. 고등어가 익은 후에는 참기름을 넣고 소금과 후추로 간을 조절하세요.
8. 냄비에서 고등어조림을 꺼내어 접시에 담고 대파와 고추로 장식해 완성합니다.",https://meturial-bucket.s3.ap-northeast-2.amazonaws.com/data/고등어조림/main.jpeg
코다리조림,한식,코다리,"1. 코다리는 비늘을 제거하고 깨끗이 씻은 후, 머리와 내장을 제거하세요.
2. 대파, 마늘, 대파, 고추 (선택사항)는 얇게 채 썰어주세요.
3. 냄비에 대파, 마늘, 대파, 고추 (선택사항), 간장, 설탕, 고춧가루 (선택사항), 물을 넣고 섞어 양념을 만들어주세요.
4. 양념 속에 코다리를 넣고 10분 정도 재워주세요.
5. 냄비에 코다리와 양념을 넣고 끓입니다.
6. 끓기 시작하면 중약불로 줄이고 뚜껑을 덮어 약 15-20분 동안 조립니다. 코다리가 익을 때까지 끓입니다.
7. 코다리가 익은 후에는 참기름을 넣고 소금과 후추로 간을 조절하세요.
8. 냄비에서 코다리조림을 꺼내어 접시에 담고 대파와 고추로 장식합니다.",https://meturial-bucket.s3.ap-northeast-2.amazonaws.com/data/코다리조림/main.jpeg
갈치구이,한식,갈치,"1. 갈치는 깨끗이 씻고 물기를 털어내세요.
2. 갈치 쪽에 소금을 뿌려 양면에 골고루 바르고, 약 15-20분 동안 소금이 퍼지도록 대기하세요.
3. 갈치에 후추를 살짝 뿌리고, 레몬 조각을 사용한다면 어느 쪽이든 갈치 위에 올려주세요.
4. 팬을 중간 불에서 예열한 후에 식용유를 두르세요.
5. 갈치를 팬에 넣어 한 쪽 면을 노릇하게 구워주세요.
6. 갈치가 뒤집히지 않도록 조심스럽게 뒤집고, 반대 면도 노릇하게 구워주세요.
7. 갈치가 완전히 익고 노릇하게 익은 상태에서 팬에서 꺼내세요.
8. 갈치를 접시에 담고 대파나 파슬리로 장식해 완성합니다.",https://meturial-bucket.s3.ap-northeast-2.amazonaws.com/data/갈치구이/main.jpeg
갈치조림,한식,갈치,"1. 갈치는 깨끗이 씻고 물기를 털어내세요.
2. 대파, 마늘, 생강, 고추 (선택사항)는 얇게 채 썰어주세요.
3. 냄비에 대파, 마늘, 생강, 고추, 간장, 설탕, 고춧가루 (선택사항)을 넣고 섞어 양념을 만들어주세요.
4. 양념 속에 갈치를 넣고 10분 정도 재워주세요.
5. 냄비에 갈치와 양념을 넣고 끓입니다.
6. 끓기 시작하면 중약불로 줄이고 뚜껑을 덮어 약 20-25분 동안 조립니다.
7. 갈치가 익은 후에는 참기름을 넣고 소금과 후추로 간을 조절하세요.
8. 냄비에서 갈치조림을 꺼내어 접시에 담고 대파와 고추로 장식해 완성합니다.",https://meturial-bucket.s3.ap-northeast-2.amazonaws.com/data/갈치조림/main.jpeg
장어구이,한식,장어,"1. 생장어를 씻고, 비늘을 제거하고 내장을 깨끗이 제거하세요.
2. 장어의 표면에 칼집을 내어 깊게 자르지 않게 해주세요.
3. 간장, 설탕, 다진 마늘, 다진 생강 (선택사항), 참기름, 소금, 후추를 섞어 양념을 만듭니다.
4. 양념을 장어에 골고루 발라주세요.
5. 냄비에 식용유를 두르고 중약불에서 데워주세요.
6. 장어를 냄비에 넣고 양면을 고루 구워주세요. 
7. 장어가 노릇하게 익은 후에는 불을 끄고 냄비에서 꺼내어 접시에 담고, 남은 양념을 냄비에 두고 끓여 데쳐주세요.
8. 데친 양념을 장어 위에 뿌려 완성합니다.",https://meturial-bucket.s3.ap-northeast-2.amazonaws.com/data/장어구이/main.jpeg
조기구이,한식,굴비,"1. 조기는 깨끗이 씻고 물기를 털어내세요. 내장과 비늘을 제거하세요.
2. 조기 표면에 소금과 후추를 골고루 뿌려주세요.
3. 팬에 식용유를 두르고 중약불에서 예열하세요.
4. 조기를 팬에 넣고 한 쪽 면을 노릇하게 구워주세요.
5. 조기가 뒤집히지 않도록 조심스럽게 뒤집고, 반대 면도 노릇하게 구워주세요.
6. 조기가 완전히 익고 노릇하게 구워진 상태에서 팬에서 꺼내세요.
7. 레몬 조각을 사용한다면 조기 위에 올려서 제공하면 더 맛있게 즐길 수 있습니다.",https://meturial-bucket.s3.ap-northeast-2.amazonaws.com/data/조기구이/main.jpeg
가자미구이,한식,가자미,"1. 가자미는 깨끗이 씻고 물기를 털어내세요. 내장과 비늘을 제거하세요.
2. 가자미 표면에 소금과 후추를 골고루 뿌려주세요.
3. 밀가루를 가자미 표면에 묻혀주세요.
4. 팬에 식용유를 두르고 중약불에서 예열하세요.
5. 가자미를 팬에 넣고 한 쪽 면을 노릇하게 구워주세요.
6. 가자미가 뒤집히지 않도록 조심스럽게 뒤집고, 반대 면도 노릇하게 구워주세요.
7. 가자미가 완전히 익고 노릇하게 구워진 상태에서 팬에서 꺼내세요.
8. 레몬 조각을 사용한다면 가자미 위에 올려서 제공하면 더 맛있게 즐길 수 있습니다.",https://meturial-bucket.s3.ap-northeast-2.amazonaws.com/data/가자미구이/main.jpeg
꽁치조림,한식,꽁치,"1. 꽁치는 깨끗이 씻고, 내장과 비늘을 제거한 뒤, 표면에 소금과 후추를 골고루 뿌려주세요.
2. 팬에 식용유를 두르고 중약불에서 예열하세요.
3. 꽁치를 팬에 넣고 한 쪽 면을 노릇하게 구워주세요.
4. 꽁치가 뒤집히지 않도록 조심스럽게 뒤집고, 반대 면도 노릇하게 구워주세요.
5. 대파, 마늘, 생강, 고추 (선택사항)는 얇게 채 썰어주세요.
6. 냄비에 대파, 마늘, 생강, 고추 (선택사항), 간장, 설탕, 고춧가루 (선택사항)을 넣고 섞어 양념을 만듭니다.
7. 양념 속에 꽁치를 넣고 10분 정도 재운 뒤, 냄비에 꽁치와 양념을 넣고 끓입니다.
8. 끓기 시작하면 중약불로 줄이고 뚜껑을 덮어 약 20-25분 동안 조려 완성합니다.",https://meturial-bucket.s3.ap-northeast-2.amazonaws.com/data/꽁치조림/main.jpeg
낙곱새,한식,낙곱새,"1. 낙곱새는 깨끗이 씻고, 머리를 제거하고 꼬리 부분을 잘라내세요.
2. 대파, 마늘, 양파, 고추 (선택사항)는 얇게 채 썰어주세요.
3. 팬에 식용유를 두르고 중약불에서 예열하세요.
4. 대파, 마늘, 양파를 팬에 넣고 볶아주세요.
5. 낙곱새를 팬에 넣고, 새우와 낙지가 색이 변할 때까지 볶아주세요.
6. 고추장, 고춧가루, 간장, 설탕을 넣고 고르게 섞어주세요.
7. 고추 (선택사항)를 넣고 볶아주세요.
8. 요리가 거의 완성될 때에 참기름을 넣고 한 번 더 볶아주세요.
9. 깨소금을 뿌리고 소금과 후추로 간을 맞춰주세요.",https://meturial-bucket.s3.ap-northeast-2.amazonaws.com/data/낙곱새/main.jpeg
바지락술찜,한식,바지락,"1. 바지락은 깨끗이 씻어 물기를 털어내세요.
2. 대파, 마늘, 두부, 고추 (선택사항)는 얇게 채 썰어주세요.
3. 냄비에 대파, 마늘, 두부, 고추 (선택사항), 청주, 간장, 설탕, 고춧가루 (선택사항)을 넣고 섞어 양념을 만듭니다.
4. 양념에 바지락을 넣고 끓입니다.
5. 끓기 시작하면 중약불로 줄이고 뚜껑을 덮어 약 10분 동안 조립니다. 바지락이 개구할 때까지 끓입니다.
6. 바지락이 개구하면 참기름을 넣고 소금과 후추로 간을 조절하세요.
7. 냄비에서 바지락 술찜을 꺼내어 접시에 담고, 채 썰어 놓은 대파로 장식해 완성합니다.",https://meturial-bucket.s3.ap-northeast-2.amazonaws.com/data/바지락술찜/main.jpeg
바지락칼국수,한식,바지락,"1. 바지락은 깨끗이 씻어 소금물에 30분간 불려 모래를 제거한다.
2. 냄비에 물을 붓고 다진 마늘, 대파, 후추를 넣고 끓인다.
3. 바지락을 넣고 중약불에서 10분간 더 끓인 후 체로 걸러 육수를 만든다.
4. 육수에 소금으로 간을 맞춘 후 칼국수 면을 넣어 익힌다.
5. 그릇에 담아내고, 필요시 고명으로 파와 깨를 올린다.",https://meturial-bucket.s3.ap-northeast-2.amazonaws.com/data/바지락칼국수/main.jpeg
꽃게찜,한식,꽃게,"1. 꽃게는 깨끗이 씻어주세요.
2. 대파, 마늘, 생강, 고추 (선택사항)는 얇게 채 썰어주세요.
3. 냄비에 대파, 마늘, 생강, 고추 (선택사항), 청주, 간장, 설탕, 고춧가루 (선택사항)을 넣고 섞어 양념을 만듭니다.
4. 양념에 꽃게를 넣고 끓입니다.
5. 끓기 시작하면 중약불로 줄이고 뚜껑을 덮어 약 10분 동안 조립니다.
6. 꽃게가 개구하면 참기름을 넣고 소금과 후추로 간을 조절하세요.
7. 냄비에서 꽃게찜을 꺼내어 접시에 담고, 채 썰어 놓은 대파로 장식해 완성합니다.",https://meturial-bucket.s3.ap-northeast-2.amazonaws.com/data/꽃게찜/main.jpeg
대게찜,한식,대게,"1. 대게는 머리와 다리를 분리하고 껍질을 제거하세요.
2. 대파, 마늘, 생강, 고추 (선택사항)는 얇게 채 썰어주세요.
3. 냄비에 대파, 마늘, 생강, 고추 (선택사항), 청주, 간장, 설탕, 고춧가루 (선택사항)을 넣고 섞어 양념을 만듭니다.
4. 양념에 대게를 넣고 끓입니다.
5. 끓기 시작하면 중약불로 줄이고 뚜껑을 덮어 약 15-20분 동안 조립니다.
6. 대게가 살짝 붉게 익으면 참기름을 넣고 소금과 후추로 간을 조절하고 더 졸여 완성합니다.",https://meturial-bucket.s3.ap-northeast-2.amazonaws.com/data/대게찜/main.jpeg
랍스터찜,한식,랍스터,"1. 랍스터는 머리와 꼬리를 분리하고 껍질을 제거하세요.
2. 대파, 마늘, 생강, 고추 (선택사항)는 얇게 채 썰어주세요.
3. 냄비에 대파, 마늘, 생강, 고추 (선택사항), 청주, 간장, 설탕, 고춧가루 (선택사항)을 넣고 섞어 양념을 만듭니다.
4. 양념에 랍스터를 넣고 끓입니다.
5. 끓기 시작하면 중약불로 줄이고 뚜껑을 덮어 약 15-20분 동안 조립니다.'
6. 랍스터가 살짝 붉게 익으면 참기름을 넣고 소금과 후추로 간을 조절하세요.
7. 냄비에서 랍스터찜을 꺼내어 접시에 담고, 채 썰어 놓은 대파로 장식해 완성합니다.",https://meturial-bucket.s3.ap-northeast-2.amazonaws.com/data/랍스터찜/main.jpeg
간장게장,한식,대게,"1. 게는 껍질을 제거하고 내장을 깨끗이 제거한 후, 손질합니다.
2. 생강은 얇게 슬라이스하고, 대파와 마늘은 얇게 채 썰어줍니다.
3. 냄비에 물, 간장, 설탕, 생강을 넣고 섞어 양념장을 만들어줍니다.
4.양념장에 대파, 마늘, 고추 (선택 사항)를 넣고 섞어줍니다.
5. 양념장을 끓이면서 끓여줍니다.
6. 식힌 양념장에 손질한 게를 넣고 고루 섞어줍니다.
7. 뚜껑을 덮고 실온에서 24시간 정도 숙성시킵니다.
8. 숙성이 끝나면 냉장고에 보관하고, 먹을 때는 참기름과 깨소금을 뿌려 마무리합니다.",https://meturial-bucket.s3.ap-northeast-2.amazonaws.com/data/간장게장/main.jpeg
양념게장,한식,대게,"1. 게는 껍질을 제거하고 내장을 깨끗이 제거한 후, 손질합니다.
2. 생강은 얇게 슬라이스하고, 대파와 마늘은 얇게 채 썰어줍니다.
3. 냄비에 물, 간장, 고추장, 설탕을 넣고 섞어 양념장을 만들어줍니다.
4. 양념장에 대파, 마늘, 고추 (선택 사항)를 넣고 섞어줍니다.
5. 양념장을 끓이면서 끓여줍니다.
6. 식힌 양념장에 손질한 게를 넣고 고루 섞어줍니다.
7. 뚜껑을 덮고 실온에서 24시간 정도 숙성시킵니다.
8. 숙성이 끝나면 냉장고에 보관하고, 먹을 때는 참기름과 깨소금을 뿌려 마무리합니다.",https://meturial-bucket.s3.ap-northeast-2.amazonaws.com/data/양념게장/main.jpeg
새우장,한식,새우,"1. 생새우는 껍질을 제거하고 손질한 후 물기를 털어낸다.
2. 마늘은 다진다. 고추 (선택사항)도 송송 썬다.
3. 팬에 식용유를 두르고 중약불에서 예열한다.
4. 마늘과 고추 (선택사항)를 팬에 넣고 볶아준다.
5. 마늘이 황금색으로 익으면 생새우를 넣고 볶아준다.
6. 생새우가 붉은색으로 익을 때까지 볶아준다.
7. 간장, 설탕, 물을 넣고 잘 섞어준다.
8. 물이 조금 끓으면 불을 끄고 참기름을 넣고 섞어준다.",https://meturial-bucket.s3.ap-northeast-2.amazonaws.com/data/새우장/main.jpeg
회,한식,회,,https://meturial-bucket.s3.ap-northeast-2.amazonaws.com/data/회/main.jpeg
생굴,한식,굴,,https://meturial-bucket.s3.ap-northeast-2.amazonaws.com/data/생굴/main.jpeg
감자채볶음,"한식, 반찬","감자, 채소","1. 감자를 얇게 채썰어 물에 담가 전분을 제거한 후 체에 밭쳐 물기를 제거한다.
2. 팬에 기름을 두르고 감자를 중불에서 볶는다.
3. 감자가 반투명해지면 다진 마늘, 소금, 후추로 간을 맞춘다.
4. 마지막으로 참기름과 통깨를 넣어 한 번 더 섞어준다.",https://meturial-bucket.s3.ap-northeast-2.amazonaws.com/data/감자채볶음/main.jpeg
감자조림,"한식, 반찬",감자,"1. 감자는 깨끗이 씻고 껍질을 벗겨서 얇게 슬라이스하거나 깍뚝썰기로 자릅니다.
2. 대파는 얇게 채 썰고, 마늘과 고추 (선택사항)는 다진다.
3. 팬에 식용유를 두르고 중약불에서 예열합니다.
4. 대파와 마늘을 팬에 넣고 볶아 향이 나도록 합니다.
5. 감자를 팬에 넣고 중약불에서 볶아주세요.
6. 간장, 설탕, 물을 넣고 잘 섞어줍니다.
7. 뚜껑을 덮고 중약불에서 감자가 익을 때까지 졸여 완성합니다.",https://meturial-bucket.s3.ap-northeast-2.amazonaws.com/data/감자조림/main.jpeg
두부조림,"한식, 반찬",두부,"1. 두부는 적당한 크기로 자르고, 물기를 털어내서 준비합니다.
2. 대파는 얇게 채 썰고, 마늘과 고추 (선택사항)는 다진다.
3. 팬에 식용유를 두르고 중약불에서 예열합니다.
4. 대파와 마늘을 팬에 넣고 볶아 향이 나도록 합니다.
5. 두부를 팬에 넣고 중약불에서 볶아주세요.
6. 간장, 설탕, 물을 넣고 잘 섞어줍니다.
7. 뚜껑을 덮고 중약불에서 두부가 양념을 잘 흡수할 때까지 조립니다.
8. 참기름을 넣고 섞어주고, 고추 (선택사항)를 넣어 더 맛을 낼 수 있습니다.",https://meturial-bucket.s3.ap-northeast-2.amazonaws.com/data/두부조림/main.jpeg
메추리알장조림,"한식, 반찬",메추리알,"1. 메추리알을 깨끗이 씻고 물기를 털어낸다.
2. 대파는 얇게 채 썰고, 마늘과 고추 (선택사항)는 다진다.
3. 팬에 식용유를 두르고 중약불에서 예열한다.
4. 대파와 마늘을 팬에 넣고 볶아 향이 나도록 합니다.
5. 메추리알을 팬에 넣고 중약불에서 볶아주세요. 
6. 간장, 설탕, 물을 넣고 잘 섞어줍니다.
7. 뚜껑을 덮고 중약불에서 메추리알이 양념을 잘 흡수할 때까지 조립니다.
8. 참기름을 넣고 섞어주고, 고추 (선택사항)를 넣어 더 맛을 낼 수 있습니다.",https://meturial-bucket.s3.ap-northeast-2.amazonaws.com/data/메추리알장조림/main.jpeg
소고기장조림,"한식, 반찬",소고기,"1. 쇠고기는 얇게 슬라이스하거나 썰어서 준비합니다.
2. 대파는 얇게 채 썰고, 마늘과 고추 (선택사항)는 다진다.
3. 팬에 식용유를 두르고 중약불에서 예열합니다.
4. 대파와 마늘을 팬에 넣고 볶아 향이 나도록 합니다.
5. 쇠고기를 팬에 넣고 중약불에서 쇠고기가 익을 때까지 볶아주세요.
간장, 설탕, 물을 넣고 잘 섞어줍니다.
6. 뚜껑을 덮고 중약불에서 쇠고기가 양념을 잘 흡수할 때까지 조립니다.
7. 참기름을 넣고 섞어주고, 고추 (선택사항)를 넣어 더 맛을 내 완성합니다.",https://meturial-bucket.s3.ap-northeast-2.amazonaws.com/data/소고기장조림/main.jpeg
진미채볶음,"한식, 반찬",진미채,"1. 진미채를 깨끗이 씻어서 물기를 털어냅니다.
2. 대파는 얇게 채 썰고, 마늘과 고추 (선택사항)는 다집니다.
3. 팬에 식용유를 두르고 중약불에서 예열합니다.
4. 대파와 마늘을 팬에 넣고 볶아 향이 나도록 합니다.
5. 진미채를 팬에 넣고 중약불에서 볶아주세요. 
6. 간장과 설탕을 넣고 잘 섞어줍니다.
7. 뚜껑을 덮고 중약불에서 진미채가 양념을 잘 흡수할 때까지 졸여 완성합니다.",https://meturial-bucket.s3.ap-northeast-2.amazonaws.com/data/진미채볶음/main.jpeg
버섯볶음,"한식, 반찬",버섯,"1. 버섯은 깨끗이 씻어서 물기를 털어낸 후 얇게 슬라이스하거나 적당한 크기로 자릅니다.
2. 대파는 얇게 채 썰고, 마늘은 다진다.
3. 팬에 식용유를 두르고 중약불에서 예열합니다.
4. 대파와 마늘을 팬에 넣고 볶아 향이 나도록 합니다.
5. 버섯을 팬에 넣고 중약불에서 볶아주세요.
6. 간장과 설탕을 넣고 잘 섞어줍니다.
7. 뚜껑을 덮고 중약불에서 버섯이 양념을 잘 흡수할 때까지 졸여 완성합니다.",https://meturial-bucket.s3.ap-northeast-2.amazonaws.com/data/버섯볶음/main.jpeg
연근조림,"한식, 반찬",연근,"1. 연근은 껍질을 벗기고 얇게 채 썰거나, 적당한 크기로 자릅니다.
2. 대파는 얇게 채 썰고, 마늘은 다진다.
3.팬에 식용유를 두르고 중약불에서 예열합니다.
4. 대파와 마늘을 팬에 넣고 볶아 향이 나도록 합니다.
5. 연근을 팬에 넣고 중약불에서 볶아주세요.
6. 간장과 설탕을 넣고 잘 섞어줍니다.
7. 뚜껑을 덮고 중약불에서 연근이 양념을 잘 흡수할 때까지 졸여 완성합니다.",https://meturial-bucket.s3.ap-northeast-2.amazonaws.com/data/연근조림/main.jpeg
건새우조림,"한식, 반찬",새우,"1. 건새우는 차가운 물에 담궈서 불필요한 소금과 먼지를 씻어내고 물기를 털어낸다.
2. 대파는 얇게 채 썰고, 마늘은 다진다. 고추 (선택사항)도 다진다.
3. 팬에 식용유를 두르고 중약불에서 예열합니다.
4. 대파와 마늘을 팬에 넣고 볶아 향이 나도록 합니다.
5. 건새우를 팬에 넣고 중약불에서 볶아주세요.
6. 간장과 설탕을 넣고 잘 섞어줍니다.
7. 뚜껑을 덮고 중약불에서 건새우가 양념을 잘 흡수할 때까지 조립니다.
8. 참기름을 넣고 섞어주고, 고추 (선택사항)를 넣어 더 맛을 내 완성합니다.",https://meturial-bucket.s3.ap-northeast-2.amazonaws.com/data/건새우조림/main.jpeg
우엉채볶음,"한식, 반찬",우엉,"1. 우엉은 깨끗이 씻고 껍질을 벗겨서 얇게 슬라이스하거나 얇게 채 썰어줍니다.
2. 대파는 얇게 채 썰고, 마늘과 고추 (선택사항)는 다진다.
3. 팬에 식용유를 두르고 중약불에서 예열합니다.
4. 대파와 마늘을 팬에 넣고 볶아 향이 나도록 합니다.
5. 우엉을 팬에 넣고 중약불에서 볶아주세요.
6. 간장과 설탕을 넣고 잘 섞어줍니다.
7. 뚜껑을 덮고 중약불에서 우엉이 양념을 잘 흡수할 때까지 졸여 완성합니다.",https://meturial-bucket.s3.ap-northeast-2.amazonaws.com/data/우엉채볶음/main.jpeg
멸치볶음,"한식, 반찬",멸치,"1. 멸치는 체에 넣고 흔들어 먼지를 제거한 후, 냄비에 넣고 중약불에서 볶는다.
2. 별도의 그릇에서 간장, 설탕, 고춧가루, 다진 마늘 등으로 양념장을 만든다.
3. 멸치가 살짝 바싹하게 볶아지면 양념장을 넣고 잘 섞어준다.
4. 약불에서 계속해서 볶아 양념이 잘 배게 한다.
5. 완성.",https://meturial-bucket.s3.ap-northeast-2.amazonaws.com/data/멸치볶음/main.jpeg
애호박볶음,"한식, 반찬",애호박,"애호박은 껍질을 벗기고 적당한 크기로 자릅니다.
대파는 얇게 채 썰고, 마늘은 다집니다. 
팬에 식용유를 두르고 중약불에서 예열합니다.
대파와 마늘을 팬에 넣고 볶아 향이 나도록 합니다.
애호박도 팬에 넣고 중약불에서 애호박이 약간 노릇해질 때까지 볶아 완성합니다.",https://meturial-bucket.s3.ap-northeast-2.amazonaws.com/data/애호박볶음/main.jpeg
볶음김치,"한식, 반찬",김치,"1. 배추김치는 물기를 짜고 손으로 적당한 크기로 찢어줍니다.
2. 대파는 얇게 채 썰고, 마늘은 다진다.
3. 팬에 식용유를 두르고 중약불에서 예열합니다.
4. 대파와 마늘을 팬에 넣고 볶아 향이 나도록 합니다.
5. 찢어진 배추김치를 팬에 넣고 김치가 약간 노릇해질 때까지 볶아 완성합니다.",https://meturial-bucket.s3.ap-northeast-2.amazonaws.com/data/볶음김치/main.jpeg
어묵볶음,"한식, 반찬",어묵,"1. 어묵은 물에 담가서 노릇해지도록 풀어준 후, 물기를 털어낸다.
2. 팬에 식용유를 두르고 중약불에서 예열합니다.
3. 대파와 마늘을 팬에 넣고 볶아 향이 나도록 합니다.
4. 어묵을 팬에 넣고 중약불에서 약간 노릇해질 때까지 볶습니다.
5. 간장과 설탕을 넣고 잘 섞어줍니다.
6. 뚜껑을 덮고 중약불에서 어묵이 양념을 잘 흡수할 때까지 조립니다.",https://meturial-bucket.s3.ap-northeast-2.amazonaws.com/data/어묵볶음/main.jpeg
햄볶음,"한식, 반찬",햄,"1. 햄을 슬라이스나 다이스로 자릅니다.
2. 대파는 얇게 채 썰고, 마늘과 고추 (선택사항)는 다집니다.
3. 팬에 식용유를 두르고 중약불에서 예열합니다.
4. 대파와 마늘을 팬에 넣고 볶아 향이 나도록 합니다.
5. 햄을 팬에 넣고 중약불에서 약간 노릇해질 때까지 볶습니다.
6. 간장과 설탕을 넣고 잘 섞어줍니다.
7. 뚜껑을 덮고 중약불에서 햄이 양념을 잘 흡수할 때까지 졸여 완성합니다.",https://meturial-bucket.s3.ap-northeast-2.amazonaws.com/data/햄볶음/main.jpeg
마늘쫑볶음,"한식, 반찬",마늘,"1. 마늘쫑은 씻어서 물기를 털어낸 후, 적당한 크기로 자릅니다.
2. 대파는 얇게 채 썰고, 마늘은 다진다. 고추도 다진다.
3. 팬에 식용유를 두르고 중약불에서 예열합니다.
4. 대파와 마늘을 팬에 넣고 볶아 향이 나도록 합니다.
5. 마늘쫑을 팬에 넣고 중약불에서 마늘쫑이 약간 노릇해질 때까지 볶아주세요.
6. 간장과 설탕을 넣고 잘 섞어줍니다.
7. 뚜껑을 덮고 중약불에서 마늘쫑이 양념을 잘 흡수할 때까지 졸여 완성합니다.",https://meturial-bucket.s3.ap-northeast-2.amazonaws.com/data/마늘쫑볶음/main.jpeg
미역줄기볶음,"한식, 반찬",미역,"1. 미역줄기는 물에 담가서 불필요한 소금과 먼지를 씻어내고 물기를 털어냅다.
2. 대파는 얇게 채 썰고, 마늘을 다집니다.
3. 팬에 식용유를 두르고 중약불에서 예열합니다.
4. 대파와 마늘을 팬에 넣고 볶아 향이 나도록 합니다.
5. 미역줄기를 팬에 넣고 중약불에서미역줄기가 약간 노릇해질 때까지 볶습니다.
6. 간장과 설탕을 넣고 잘 섞어줍니다.
7. 뚜껑을 덮고 중약불에서 미역줄기가 양념을 잘 흡수할 때까지 졸이고, 위에 깨소금을 뿌려 완성합니다.",https://meturial-bucket.s3.ap-northeast-2.amazonaws.com/data/미역줄기볶음/main.jpeg
땅콩조림,"한식, 반찬",땅콩,"1. 땅콩을 깨끗하게 씻어서 물기를 털어낸 후, 냄비에 담습니다.
2. 물을 땅콩 위에 부어줍니다.
3. 설탕과 소금을 땅콩과 물에 섞어 넣습니다.
4. 뚜껑을 덮고 중불에서 땅콩이 물과 함께 끓어오르도록 합니다.
5. 한 번 끓어오르면 중약불로 낮추고, 뚜껑을 열어 약 20~25분 동안 졸여 완성합니다.",https://meturial-bucket.s3.ap-northeast-2.amazonaws.com/data/땅콩조림/main.jpeg
콩자반,"한식, 반찬",콩,"1. 콩을 하루동안 충분히 불려준다.
2. 불린 콩을 찬물에 넣고 센불에서 끓인 후, 중불로 줄여 30분간 더 끓여준다.
3. 삶은 콩을 체에 밭쳐 물기를 제거하고, 모래시계 모양으로 찹쌀가루를 골고루 뿌려주어 강한 열에서 10~15분간 볶아준다.
4. 볶은 콩에 간장, 설탕, 다진 마늘 등으로 만든 양념장을 넣고 중불에서 약 20분간 볶아준다.
5. 완성.",https://meturial-bucket.s3.ap-northeast-2.amazonaws.com/data/콩자반/main.jpeg
무조림,"한식, 반찬",무,"1. 무를 반달모양으로 굵직굵직하게 잘라주세요
2. 양념과 함께 센 불에 10분간 끓이다가 중불에 졸여주듯이 끓여주세요.
3. 굵직굵직한 무가 양념이 쏙 베이면서 익으면 완성입니다.",https://meturial-bucket.s3.ap-northeast-2.amazonaws.com/data/무조림/main.jpeg
꽈리고추볶음,"한식, 반찬",고추,"1 .꽈리고추는 깨끗이 씻어서 물기를 털어내고, 끝 부분을 잘라낸 후 길이로 자릅니다.
2. 대파는 얇게 채 썰고, 마늘은 다진다.
3. 팬에 식용유를 두르고 중약불에서 예열합니다.
4. 대파와 마늘을 팬에 넣고 볶아 향이 나도록 합니다.
5. 꽈리고추를 팬에 넣고 중약불에서 꽈리고추가 약간 노릇해질 때까지 볶아주세요.
6. 간장과 설탕을 넣고 잘 섞어줍니다.
7. 뚜껑을 덮고 중약불에서 꽈리고추가 양념을 잘 흡수할 때까지 졸여 완성합니다.",https://meturial-bucket.s3.ap-northeast-2.amazonaws.com/data/꽈리고추볶음/main.jpeg
베이컨숙주볶음,"한식, 반찬",베이컨,"1. 베이컨은 적당한 크기로 자르고, 숙주나물은 머리와 꼬리를 잘라서 준비합니다.
2. 대파는 얇게 채 썰고, 마늘은 다집니다.
3. 팬에 식용유를 두르고 중약불에서 예열합니다.
4. 대파와 마늘을 팬에 넣고 볶아 향이 나도록 합니다.
5. 베이컨을 팬에 넣고 중약불에서 베이컨이 약간 노릇해질 때까지 볶습니다.
6. 숙주나물을 넣고 함께 볶아주세요.
7. 간장과 설탕을 넣고 잘 섞어줍니다.
8. 뚜껑을 덮고 중약불에서 숙주나물이 양념을 잘 흡수할 때까지 졸여 완성합니다.",https://meturial-bucket.s3.ap-northeast-2.amazonaws.com/data/베이컨숙주볶음/main.jpeg
시금치무침,"한식, 반찬",시금치,"1. 시금치는 깨끗하게 씻어서 물기를 털어내고, 끝 부분을 잘라낸 후 적당한 크기로 자릅니다.
2. 냄비에 물을 끓여 끓는 물에 시금치를 살짝 데쳐줍니다.
3. 데친 시금치를 빨리 찬물에 담가 식힌 후 물기를 짜서 준비합니다.
4. 다진 마늘, 다진 대파, 간장, 참기름, 설탕을 시금치에 넣고 잘 섞어줍니다.
5. 고춧가루 (선택사항)를 넣어 매콤하게 하고 깨소금을 뿌려 완성합니다.",https://meturial-bucket.s3.ap-northeast-2.amazonaws.com/data/시금치무침/main.jpeg
콩나물무침,"한식, 반찬",콩나물,"1. 콩나물은 깨끗하게 씻어서 끝 부분을 잘라내고, 끓는 물에 살짝 데칩니다.
2. 데친 콩나물을 빨리 찬물에 담가 식힌 후 물기를 짜서 준비합니다.
3. 다진 마늘, 다진 대파, 간장, 참기름, 설탕을 콩나물에 넣고 잘 섞어줍니다.
4. 고춧가루 (선택사항)를 넣어 매콤하게 하고 깨소금을 뿌려 완성합니다.",https://meturial-bucket.s3.ap-northeast-2.amazonaws.com/data/콩나물무침/main.jpeg
고사리무침,"한식, 반찬",고사리,"1. 물에 불린 고사리를 끓는 물에 넣고 삶아낸 후 찬물에 헹궈 잘게 썰어준다.
2. 간장, 고추가루, 설탕, 마늘, 참기름 등으로 양념장을 만든다.
3. 삶은 고사리와 양념장을 함께 넣고 잘 섞어준다.
4. 별도의 팬에서 참깨를 볶아 준비한다.
5. 양념한 고사리 위에 볶은 참깨를 뿌려 완성한다.",https://meturial-bucket.s3.ap-northeast-2.amazonaws.com/data/고사리무침/main.jpeg
숙주무침,"한식, 반찬",숙주,"1. 숙주나물은 깨끗하게 씻어서 끝 부분을 잘라내고, 끓는 물에 살짝 데칩니다. 
2. 데친 숙주나물을 빨리 찬물에 담가 식힌 후 물기를 짜서 준비합니다.
3. 다진 마늘, 다진 대파, 간장, 참기름, 설탕을 숙주나물에 넣고 잘 섞어 완성합니다.",https://meturial-bucket.s3.ap-northeast-2.amazonaws.com/data/숙주무침/main.jpeg
오이소박이,"한식, 반찬",오이,"1. 오이를 깨끗하게 씻고 얇게 슬라이스합니다.
2. 슬라이스한 오이에 소금을 뿌려 섞어서 10-15분 정도 식힙니다.
3. 식힌 오이를 물로 소금을 헹궈내고 물기를 털어낸 후 볼에 옮깁니다.
4. 볼에 다진 마늘, 고추가루, 식초, 설탕, 참기름을 넣고 잘 섞어줍니다.
5. 깨소금 (장식 용도, 선택사항)을 뿌린 후 장식합니다.",https://meturial-bucket.s3.ap-northeast-2.amazonaws.com/data/오이소박이/main.jpeg
단무지무침,"한식, 반찬",무,"1. 단무지는 얇게 채 썰어 준비합니다.
2. 볼에 단무지와 다진 마늘, 다진 대파를 넣고 잘 섞어줍니다.
3. 고추장, 설탕, 참기름을 추가하고 잘 섞어줍니다.
4. 깨소금 (장식 용도, 선택사항)을 뿌린 후 장식합니다.",https://meturial-bucket.s3.ap-northeast-2.amazonaws.com/data/단무지무침/main.jpeg
골뱅이무침,"한식, 반찬",골뱅이,"1. 골뱅이는 물로 헹궈 물기를 제거한 후 적당한 크기로 자릅니다.
2. 볼에 골뱅이, 다진 마늘, 다진 대파를 넣고 잘 섞어줍니다.
3. 고추장, 설탕을 추가하고 잘 섞어줍니다.
4. 고춧가루 (선택사항)를 넣어 매콤하게 하고 참기름을 추가합니다.",https://meturial-bucket.s3.ap-northeast-2.amazonaws.com/data/골뱅이무침/main.jpeg
꼬막무침,"한식, 반찬",꼬막,"1. 끓는 물에 꼬막을 넣고 끓는 물에 소금을 약간 넣고, 데치는 시간은 짧게 2. 1-2분 정도로 해야 합니다.
3. 데친 꼬막을 찬물에 넣어 식힙니다.
4. 식힌 꼬막을 물기를 털어내고 볼에 담습니다.
5. 다진 마늘, 다진 대파를 꼬막에 넣고 섞어줍니다.
6. 고추장, 설탕을 넣고 잘 섞어줍니다.
7. 고춧가루 (선택사항)를 넣어 매콤하게 하고 참기름을 추가합니다.",https://meturial-bucket.s3.ap-northeast-2.amazonaws.com/data/꼬막무침/main.jpeg
배추김치,"한식, 반찬",김치,"1. 배추를 씻고 머리 부분을 제거한 후 소금을 뿌리고, 각 잎마다 소금을 조금씩 뿌리면서 배추를 재빨리 완전히 소금에 절입니다. 
2. 절인 배추를 물에 헹궈 소금을 헹구고 물기를 꼼꼼히 짜줍니다.
3. 다른 그릇에 다진 마늘, 다진 생강, 다진 대파, 다진 양파, 다진 대파를 섞어주세요.
4. 고추가루를 넣고 고루 섞어주며, 고추장과 설탕도 넣으면 좋습니다.
5. 멸치액젓 또는 젓갈액젓을 넣고 잘 섞어 양념장을 만듭니다,
6. 절인 배추에 양념장을 배추의 각 잎 사이에도 양념을 바르며 고루 펴줍니다.
7. 꾹 눌러주면서 물이 배추에 스며들도록 합니다.
8. 비닐봉지나 김치통에 담고 상온에서 1-2일 정도 발효를 시킵니다.",https://meturial-bucket.s3.ap-northeast-2.amazonaws.com/data/배추김치/main.jpeg
물김치,"한식, 반찬",김치,"1. 배추를 씻고 머리 부분을 제거한 후 소금을 뿌리고, 각 잎마다 소금을 조금씩 뿌리면서 배추를 재빨리 완전히 소금에 절입니다. 
2. 절인 배추를 물에 헹궈 소금을 헹구고 물기를 꼼꼼히 짜줍니다.
3. 다른 그릇에 다진 마늘, 다진 생강, 다진 대파, 다진 양파, 다진 대파를 섞어주세요.
4. 고추가루를 넣고 고루 섞어주며, 고추장과 설탕도 넣으면 좋습니다.
5. 멸치액젓 또는 젓갈액젓을 넣고 잘 섞어 양념장을 만듭니다,
6. 절인 배추에 양념장을 배추의 각 잎 사이에도 양념을 바르며 고루 펴줍니다.
7. 꾹 눌러주면서 물이 배추에 스며들도록 합니다.
8. 비닐봉지나 김치통에 담고 상온에서 1-2일 정도 발효를 시킵니다.",https://meturial-bucket.s3.ap-northeast-2.amazonaws.com/data/물김치/main.jpeg
열무김치,"한식, 반찬",김치,"1. 열무는 뿌리 부분을 제거하고 씻은 후 길이를 5-7cm 정도로 잘라줍니다.
2. 열무를 대접에 넣고 굵은 소금을 뿌려 골고루 섞어줍니다.
3. 약 2~3시간 후에 열무가 충분히 적셔지면 미지근한 물에 열무를 헹구고 물기를 꼼꼼히 짜서 물기를 제거합니다.
4. 별도의 볼에 다진 파, 다진 마늘, 다진 생강, 고추가루, 설탕, 멸치액젓, 참기름을 넣고 양념장을 만듭니다.
5. 양념장에 물기를 제거한 열무를 넣고 골고루 섞어줍니다.
6. 김치통이나 밀폐용기에 담고 상온에서 1-2일 정도 발효를 시킵니다.",https://meturial-bucket.s3.ap-northeast-2.amazonaws.com/data/열무김치/main.jpeg
깻잎지,"한식, 반찬",김치,"1. 깻잎은 머리와 꼭지 부분을 제거하고, 미지근한 물에 씻어서 물기를 털어냅니다.
2. 다른 볼에 다진 마늘, 다진 생강, 고추가루, 설탕, 소금, 식초, 참기름을 넣고 양념장을 만듭니다.
3. 깻잎을 한 장씩 양념장에 찍어 발라줍니다. 여러 장을 쌓아서 한 묶음으로 만들어도 좋습니다.
4. 깻잎지를 김치통이나 밀폐용기에 담고 깨소금을 뿌린 후 장식합니다.
5. 뚜껑을 닫고 냉장고에서 2-3시간 정도 익혀줍니다.",https://meturial-bucket.s3.ap-northeast-2.amazonaws.com/data/깻잎지/main.jpeg
깍두기,"한식, 반찬",김치,"1. 무는 껍질을 벗기고 씻은 후 무를 얇게 채 썰어줍니다.
2. 다른 볼에 다진 마늘, 다진 생강, 고추가루, 설탕, 멸치액젓를 넣고 양념장을 만듭니다.
3. 대파를 어슷하게 잘라주고 양념장에 넣습니다. (대파깍두기를 만들 때만 사용)
4. 양념장을 무에 골고루 바릅니다.
5. 별도의 김치통이나 밀폐용기에 담고 상온에서 1-2일 동안 발효를 시킵니다.
6. 맛이 적당히 발효되면 냉장고에 보관하며, 시간이 지날수록 더 맛있어집니다.",https://meturial-bucket.s3.ap-northeast-2.amazonaws.com/data/깍두기/main.jpeg
겉절이,"한식, 반찬",김치,"1. 배추는 머리 부분을 제거하고 한 잎씩 분리하여 씻은 후 물기를 털어내줍니다.
2. 배추를 적당한 크기로 손으로 덩어리지게 뜯어서 대접에 넣습니다.
3. 대접에 배추를 넣고 굵은 소금을 뿌려 골고루 섞어줍니다. 
4. 2-3시간 동안 소금에 절인 후 배추를 미지근한 물로 헹궈 소금을 헹구고 물기를 꼼꼼히 짜서 물기를 제거합니다.
5. 별도의 볼에 다진 마늘, 다진 생강, 고추가루, 설탕, 식초, 참기름을 넣고 양념장을 만듭니다.
6. 양념장을 배추에 골고루 바릅니다.
7. 별도의 김치통이나 밀폐용기에 담고 깨소금을 뿌린 후 장식합니다.",https://meturial-bucket.s3.ap-northeast-2.amazonaws.com/data/겉절이/main.jpeg
젓갈,"한식, 반찬",김치,"1. 사용할 재료를 깨끗이 씻고 물기를 제거하고, 고등어나 오징어를 사용한다면 내장을 제거하고 잘게 썰어줍니다.
2. 재료를 대접에 넣고 충분한 양의 소금을 재료가 소금에 꼼꼼하게 섞어줍니다. 
3. 대접을 뚜껑으로 덮고 상온에서 발효가 이루어지도록 1-2일 동안 방치합니다.
4. 발효가 진행되면 재료가 부드러워지고 고소한 향이 나면 완성입니다. ",https://meturial-bucket.s3.ap-northeast-2.amazonaws.com/data/젓갈/main.jpeg
고추장오이무침,"한식, 반찬","오이, 고추","1. 오이를 깨끗이 씻고 얇게 슬라이스하거나 얇게 채 썰어줍니다.
2. 별도의 볼에 고추장, 다진 마늘, 다진 생강, 설탕, 식초, 참기름을 넣고 양념장을 만듭니다.
3. 양념장을 오이에 골고루 섞어줍니다.
4. 접시에 담고 깨소금을 뿌려 장식합니다.
5. 바로 먹어도 좋지만, 맛이 더 빨리 배어들도록 냉장고에서 30분 정도 식히면 더 맛있습니다.",https://meturial-bucket.s3.ap-northeast-2.amazonaws.com/data/고추장오이무침/main.jpeg
된장고추무침,"한식, 반찬","된장, 고추","1. 고추를 깨끗이 씻고, 고추의 머리 부분을 잘라내고 속을 비워줍니다.
2. 별도의 볼에 된장, 다진 마늘, 설탕, 식초, 참기름을 넣고 양념장을 만듭니다.
3. 양념장을 고추에 골고루 바른 후 잘 섞어줍니다.
4. 접시에 담고 깨소금을 뿌려 장식합니다.
5. 바로 먹어도 좋지만, 맛이 더 빨리 배어들도록 냉장고에서 30분 정도 식히면 더 맛있습니다.",https://meturial-bucket.s3.ap-northeast-2.amazonaws.com/data/된장고추무침/main.jpeg
파래무침,"한식, 반찬",파래,"1. 파래를 차가운 물에 씻어서 모래와 먼지를 제거합니다.
2. 씻은 파래를 물에 담고 10분 정도 불려줍니다. 불린 파래는 부드러워집니다.
3. 불린 파래를 물에 씻어 물기를 제거합니다. 파래는 적당한 길이로 자르기도 합니다.
4. 별도의 볼에 다진 마늘, 고추가루 (선택사항), 다진 대파, 소금, 참기름을 넣고 양념장을 만듭니다.
5. 양념장에 파래를 넣고 골고루 섞어줍니다.
6. 접시에 담고 깨소금을 뿌려 장식합니다.",https://meturial-bucket.s3.ap-northeast-2.amazonaws.com/data/파래무침/main.jpeg
파절이,"한식, 반찬",파,"1. 대파는 깨끗이 씻은 후 5cm 길이로 잘라 준비한다.
2. 별도의 그릇에서 간장, 식초, 설탕, 다진 마늘 등으로 양념장을 만든다.
3. 팬에 기름을 두르고 대파를 중약불에서 볶는다.
4. 대파가 살짝 익어오면 양념장을 넣고 잘 섞어준다.
5. 약불에서 계속해서 볶아 양념이 잘 배게 한다.
6. 완성.",https://meturial-bucket.s3.ap-northeast-2.amazonaws.com/data/파절이/main.jpeg
양배추찜,"한식, 반찬",배추,"1. 양배추를 씻고 끝 부분을 잘라내고, 잎 하나씩 분리합니다.
2. 냄비에 물을 끓여서 양배추 잎을 데칩니다. 양배추가 부드러워질 때까지 1-2분 정도 데쳐줍니다.
3. 데친 양배추를 찬물에 헹군 후 물기를 꼼꼼히 짜줍니다.
4. 별도의 볼에 다진 마늘, 다진 생강, 간장, 설탕, 참기름을 넣고 양념장을 만듭니다.
5. 양념장을 양배추에 골고루 발라 완성합니다.",https://meturial-bucket.s3.ap-northeast-2.amazonaws.com/data/양배추찜/main.jpeg
파김치,"한식, 반찬","파, 김치","1. 파를 깨끗이 씻고 끝 부분을 5-7cm 길이로 잘라줍니다.
2. 파를 볼에 넣고 소금을 뿌려 골고루 섞고,. 30분 동안 절여둡니다.
3. 30분 후, 파를 물로 헹군 후 물기를 꼼꼼히 짜줍니다.
4. 별도의 볼에 다진 마늘, 다진 생강, 고추가루, 설탕, 식초, 물을 넣고 양념장을 만듭니다.
5. 양념장을 파에 골고루 바릅니다.
6. 접시에 담고 깨소금을 뿌려 장식합니다.
7. 바로 먹어도 좋지만, 맛이 더 빨리 배어들도록 냉장고에서 1-2시간 정도 식히면 더 맛있습니다.",https://meturial-bucket.s3.ap-northeast-2.amazonaws.com/data/파김치/main.jpeg
계란찜,"한식, 반찬",계란,"1. 볼에 계란을 깨고, 물을 넣고 가볍게 풀어줍니다. 계란이 완전히 풀리도록 잘 섞어야 합니다.
2. 소금을 넣고 다시 섞어줍니다.
3. 계란을 레인지에 사용할 수 있는 전자레인지용 그릇에 부어줍니다.
4. 전자레인지의 파워를 중간 또는 50% 정도로 설정하고, 계란을 레인지에 넣어둡니다.
5. 계란이 어느 정도 익을 때까지 1분 정도 조리한 후 중간에 섞어주고, 추가로 1분 정도 또 조리해줍니다. 
6. 계란찜이 익은 후, 다진 대파나 파슬리를 장식으로 뿌려줍니다.",https://meturial-bucket.s3.ap-northeast-2.amazonaws.com/data/계란찜/main.jpeg
계란후라이,"한식, 반찬",계란,"1. 후라이팬에 적당한 양의 식용유나 버터를 두르고 녹여줍니다
2. 팬이 충분히 뜨거워지면 계란을 하나 깨서 팬에 넣습니다.
3. 계란 흰자 주위에 약간의 투명한 부분이 남을 때까지 조리합니다.
4. 만약 계란 노른자를 흰자로부터 덮고 싶다면, 주걱 또는 뒤집개를 사용하여 노른자를 흰자 위에 올려놓습니다.
5. 계란 후라이의 익은 정도를 선호에 따라 조절합니다.
6. 계란 후라이를 팬에서 꺼내어 접시에 담고, 소금으로 간을 해주면 완성입니다.",https://meturial-bucket.s3.ap-northeast-2.amazonaws.com/data/계란후라이/main.jpeg
계란말이,"한식, 반찬",계란,"1. 계란을 볼에 넣고 소금을 넣고, 계란을 풀어줍니다.
2. 중불로 예열된 팬에 식용유 또는 버터를 두르고 녹입니다.
3. 팬이 충분히 뜨거워지면 계란을 부어줍니다.
4. 계란을 중앙에서부터 가장자리로 살짝 접어가면서 조리합니다.
5. 계란이 어느 정도 익으면 다시 중앙으로 접어가면서 계속 조리합니다.
6. 계란이 익으면 팬에서 꺼내어 접시에 담고, 다진 대파나 파슬리를 장식으로 뿌려줍니다.",https://meturial-bucket.s3.ap-northeast-2.amazonaws.com/data/계란말이/main.jpeg
부추계란볶음,"한식, 반찬",계란,"1. 부추는 깨끗이 씻어 물기를 제거하고, 5cm 길이로 잘라 준비한다.
2. 계란은 잘 풀어서 소금으로 간을 한다.
3. 팬에 기름을 두르고 계란물을 부어 스크램블드 에그를 만든다.
4. 계란이 대부분 익었을 때, 잘라둔 부추를 넣고 섞어준다.
5. 부추가 충분히 볶아져서 색이 바래지면 소금과 후춧가루로 간을 맞춘다.
6. 완성.",https://meturial-bucket.s3.ap-northeast-2.amazonaws.com/data/부추계란볶음/main.jpeg
스크램블,"한식, 반찬",계란,"1. 계란을 볼에 깨고 소금과 후추를 넣은 뒤, 계란을 잘 풀어줍니다.
2. 중불로 예열된 팬에 식용유 또는 버터를 두르고 녹입니다.
3. 팬이 충분히 뜨거워지면 계란 혼합물을 부어줍니다.
4. 중앙에서부터 팬의 가장자리까지 계란을 젓지 않고 저어가면서 조리합니다.
5. 계란이 어느 정도 익으면 부드럽게 젓거나 저어가면서 조리를 계속합니다. 
6. 계란이 익어서 큰 음빵이 없고 부드러운 크림 같은 질감이 되면 불을 끄고 완성합니다.",https://meturial-bucket.s3.ap-northeast-2.amazonaws.com/data/스크램블/main.jpeg
스팸구이,"한식, 반찬",햄,"1. 스팸을 얇게 슬라이스하거나 작은 조각으로 자릅니다.
2. 팬에 식용유를 두르고 중불에서 다진 마늘을 볶습니다.
3. 마늘이 볶아서 향이 나면 다진 양파를 넣고 양파가 투명해질 때까지 볶습니다.
4. 양파가 투명해지면 스팸을 넣고 갈색이 될 때까지 볶아 완성합니다.",https://meturial-bucket.s3.ap-northeast-2.amazonaws.com/data/스팸구이/main.jpeg
치킨너겟,"한식, 반찬",닭,"1. 닭 가슴살을 손질하여 한 입 크기의 작은 조각으로 자릅니다.
2. 밀가루, 계란, 그리고 빵가루를 따로 준비한 그릇에 각각 담습니다.
3. 닭 조각에 소금과 후추를 뿌려줍니다.
4. 먼저 밀가루에 닭 조각을 묻힙니다.
5. 그 다음, 계란에 닭 조각을 잠깐 담근 후 빵가루로 묻힙니다.
6. 식용유를 예열한 팬이나 프라이팬에 중불로 닭이 골드 브라운 색깔로 익을 때까지 약 3-4분 정도 튀겨줍니다.",https://meturial-bucket.s3.ap-northeast-2.amazonaws.com/data/치킨너겟/main.jpeg
치킨텐더,"한식, 반찬",닭,"1. 닭 가슴살을 손질하여 한 입 크기의 두꺼운 조각으로 자릅니다.
2. 밀가루, 계란, 그리고 빵가루를 따로 준비한 그릇에 각각 담습니다.
3. 닭 조각에 소금과 후추를 뿌려줍니다.
4. 먼저 밀가루에 닭 조각을 묻힙니다.
5. 그 다음, 계란에 닭 조각을 잠깐 담근 후 빵가루로 묻힙니다.
6. 식용유를 예열한 팬이나 프라이팬에 중불로 닭이 골드 브라운 색깔로 익을 때까지 약 3-4분 정도 튀겨줍니다.",https://meturial-bucket.s3.ap-northeast-2.amazonaws.com/data/치킨텐더/main.jpeg
애호박전,"한식, 반찬",애호박,"1. 애호박을 깨끗하게 씻고 껍질을 벗깁니다. 그런 다음 얇게 슬라이스하거나 조각내어 준비합니다.
2. 대파와 마늘을 다져둡니다.
3. 볼에 밀가루, 다진 대파, 다진 마늘, 소금, 후추를 넣고 물을 조금씩 넣어가며 풀어줍니다.
4. 팬에 식용유를 두르고 중불로 예열합니다.
5. 애호박 조각을 반죽에 골고루 묻혀줍니다.
6. 팬에 애호박을 넣어 노릇노릇하게 양면이 골드 브라운 색깔이 될 때까지 튀깁니다.
7. 키친타올에 기름을 물러주고, 간장과 고춧가루를 섞은 조합 소스나 소금과 후추로 간을 해주면 완성입니다.",https://meturial-bucket.s3.ap-northeast-2.amazonaws.com/data/애호박전/main.jpeg
김치전,"한식, 반찬",김치,"1. 다진 김치를 냄비에 넣고 중불로 예열합니다.
2. 김치배추전의 반죽이 비슷한 두께로 되도록 밀가루와 물을 넣고 김치와 골고루 섞어줍니다.
3. 계란을 하나 깨서 반죽에 넣고 골고루 섞어줍니다.
4. 팬에 식용유를 두르고 중불로 예열합니다.
5. 예열된 팬에 김치전 반죽을 부어줍니다.
6. 한쪽 면이 노릇노릇한 색깔이 될 때까지 조리하고, 뒤집어 반대 면도 노릇하게 익힙니다.
7. 김치전 양면이 잘 익으면, 접시에 담아 대파를 곁들여서 내놓습니다.",https://meturial-bucket.s3.ap-northeast-2.amazonaws.com/data/김치전/main.jpeg
부추전,"한식, 반찬",부추,"1. 부추를 깨끗하게 씻고 물기를 털어낸 뒤, 부추를 5cm 정도의 작은 조각으로 자릅니다.
2. 볼에 밀가루와 물을 넣고 골고루 섞어 반죽을 만듭니다.
3. 계란을 하나 깨서 반죽에 넣고 섞고, 소금과 후추를 추가하여 간을 합니다. 
4. 팬에 식용유를 두르고 중불로 예열합니다.
5. 예열된 팬에 부추전 반죽을 부어줍니다.
6. 한쪽 면이 골드 브라운 색깔이 될 때까지 조리하고, 뒤집어 반대 면도 노릇하게 익혀 완성합니다.",https://meturial-bucket.s3.ap-northeast-2.amazonaws.com/data/부추전/main.jpeg
두부전,"한식, 반찬",두부,"1. 두부를 깨끗하게 씻고 물기를 털어낸 뒤, 두부를 작은 조각으로 자릅니다.
2. 볼에 밀가루와 물을 넣고 골고루 섞어 반죽을 만듭니다.
3. 계란을 하나 깨서 반죽에 넣고 섞고 소금과 후추를 추가하여 간을 합니다. 
4. 팬에 식용유를 두르고 중불로 예열합니다.
5. 예열된 팬에 두부전 반죽을 부어줍니다.
6. 한쪽 면이 노릇노릇한 색깔이 될 때까지 조리하고, 뒤집어 반대 면도 노릇하게 익혀 완성합니다.",https://meturial-bucket.s3.ap-northeast-2.amazonaws.com/data/두부전/main.jpeg
오징어전,"한식, 반찬",오징어,"1. 오징어를 깨끗하게 씻고 필요한 부분을 잘라내어 작은 조각으로 자릅니다.
2. 볼에 밀가루와 물을 넣고 골고루 섞어 반죽을 만듭니다.
3. 계란을 하나 깨서 반죽에 넣고 섞고 소금과 후추로 간을 합니다.
4. 팬에 식용유를 두르고 중불로 예열합니다.
5. 예열된 팬에 오징어전 반죽을 붓고 가운데서부터 시작하여 팬에 골고루 퍼지도록 해주세요.
6. 한쪽 면이 노릇한 색깔이 될 때까지 조리하고, 뒤집어 반대 면도 노릇하게 익힙니다.",https://meturial-bucket.s3.ap-northeast-2.amazonaws.com/data/오징어전/main.jpeg
버섯야채전,"한식, 반찬","버섯, 채소","1. 버섯을 깨끗하게 씻고 물기를 제거한 후 얇게 슬라이스합니다.
2. 볼에 밀가루, 계란, 물, 다진 양파, 다진 대파, 소금, 후추를 넣고 골고루 섞어 부드러운 반죽을 만듭니다.
3. 팬에 식용유를 두르고 중불로 예열합니다.
4. 예열된 팬에 버섯과 반죽을 한 국자씩 떠서 부어줍니다.
5. 양면이 골드 브라운 색깔로 익을 때까지 조리하고, 다른 면도 노릇하게 익혀 완성합니다.",https://meturial-bucket.s3.ap-northeast-2.amazonaws.com/data/버섯야채전/main.jpeg
배추전,"한식, 반찬",배추,"1. 배추를 깨끗하게 씻고 물기를 털어낸 후 얇게 채 썰어줍니다.
2. 볼에 밀가루, 물, 계란, 다진 대파, 다진 마늘, 소금, 후추를 넣고 골고루 섞어 부드러운 반죽을 만듭니다.
3. 팬에 식용유를 두르고 중불로 예열합니다.
4. 예열된 팬에 배추전 반죽을 부어줍니다.
5. 양면이 노릇한 색깔로 익을 때까지 조리하고, 다른 면도 노릇하게 익힙니다.
6. 배추전이 익으면 접시에 담아 내놓습니다.",https://meturial-bucket.s3.ap-northeast-2.amazonaws.com/data/배추전/main.jpeg
동태전,"한식, 반찬",동태,"1. 동태를 깨끗하게 씻고 필요한 부분을 제거한 후 먹기 좋은 크기로 자릅니다.
2. 볼에 밀가루, 계란, 다진 대파, 다진 마늘, 소금, 후추를 넣고 골고루 섞어 부드러운 반죽을 만듭니다.
3. 팬에 식용유를 두르고 중불로 예열합니다.
4. 예열된 팬에 동태전 반죽을 가운데서부터 부어 팬에 골고루 퍼지도록 해주세요.
5. 양면이 노란 색깔로 익을 때까지 조리하고, 다른 면도 노릇하게 익힙니다.",https://meturial-bucket.s3.ap-northeast-2.amazonaws.com/data/동태전/main.jpeg
꼬지전,"한식, 반찬",꼬지,"1. 꼬지를 깨끗하게 씻고 물기를 털어낸 후 먹기 좋은 크기로 자릅니다.
2. 볼에 밀가루, 계란, 다진 대파, 다진 마늘, 소금, 후추를 넣고 골고루 섞어 부드러운 반죽을 만듭니다.
3. 팬에 식용유를 두르고 중불로 예열합니다.
4. 예열된 팬에 꼬지전 반죽을 가운데서부터 부어 팬에 골고루 퍼지도록 해주세요.
5. 양면이 골드 브라운 색깔로 익을 때까지 조리하고, 다른 면도 노릇하게 익혀 완성합니다.",https://meturial-bucket.s3.ap-northeast-2.amazonaws.com/data/꼬지전/main.jpeg
소세지전,"한식, 반찬",돼지고기,"1. 소세지를 가로로 반으로 자릅니다.
2. 볼에 밀가루, 계란, 물을 넣고 골고루 섞어 부드러운 반죽을 만듭니다.
3. 팬에 식용유를 두르고 중불로 예열합니다.
4. 예열된 팬에 소세지를 넣고 앞뒤로 익힙니다.
5. 소세지가 노릇하게 익으면 소세지를 팬에서 빼내고 식지 않도록 따뜻한 곳에 보관합니다.
6. 팬에 다시 식용유를 두르고 중불에서 예열합니다.
7. 예열된 팬에 밀가루 반죽을 부어 소세지를 튀기듯이 익혀줍니다.
8. 소세지전이 익으면 접시에 담아 파슬리를 뿌려 완성합니다.",https://meturial-bucket.s3.ap-northeast-2.amazonaws.com/data/소세지전/main.jpeg
고추장떡,"한식, 반찬",고추,"1. 떡을 물에 불려서 부드럽게 만든 뒤, 물기를 제거하고 물기를 털어내주세요.
2. 볼에 고추장, 설탕, 간장을 넣고 골고루 섞어 고추장 소스를 만듭니다.
3. 떡을 고추장 소스에 넣고 잘 묻도록 골고루 섞어주세요.
4. 팬에 식용유를 두르고 중불로 예열합니다.
5. 예열된 팬에 고추장 소스가 묻은 떡을 넣고 중약불에서 고추장 소스와 잘 섞이고 고소한 향이 나도록 볶아 완성합니다.",https://meturial-bucket.s3.ap-northeast-2.amazonaws.com/data/고추장떡/main.jpeg
깻잎전,"한식, 반찬",깻잎,"1. 깻잎을 깨끗하게 씻고 물기를 털어냅니다.
2. 볼에 밀가루, 계란, 다진 대파, 다진 마늘, 소금을 넣고 골고루 섞어 부드러운 반죽을 만듭니다.
3. 팬에 식용유를 두르고 중불로 예열합니다.
4. 깻잎 한 장을 반으로 접어서 그 위에 밀가루 반죽을 얇게 바릅니다.
5. 예열된 팬에 밀가루를 바른 깻잎을 넣고 앞뒤로 익힙니다. 
6. 깻잎전이 익으면 접시에 담아서 맛있게 먹습니다.",https://meturial-bucket.s3.ap-northeast-2.amazonaws.com/data/깻잎전/main.jpeg
베이컨팽이버섯말이,"한식, 반찬","베이컨, 버섯","1. 팽이버섯을 깨끗이 씻고 물기를 털어낸 후 중앙 부분을 살짝 눌러서 평평하게 만들어줍니다.
2. 베이컨을 한 조각씩 팽이버섯의 중앙에 감싸줍니다.
3. 팬을 예열하고 중간 불로 가열한 후, 식용유를 조금 두르고 베이컨 팽이버섯을 팬에 올려줍니다.
4. 팽이버섯이 노릇하게 볶아질 때까지 조리하며 중앙 부분이 익도록 합니다.
5. 소금과 후추로 간을 조절한 후, 접시에 담아 내놓습니다.",https://meturial-bucket.s3.ap-northeast-2.amazonaws.com/data/베이컨팽이버섯말이/main.jpeg
맛살하트전,"한식, 반찬",대게,"1. 맛살을 물에 담가서 잘 풀어줍니다.
2. 볼에 맛살, 계란, 다진 파슬리 또는 다진 대파 (선택사항), 소금, 후추를 넣고 골고루 섞어주세요.
3. 팬에 식용유를 두르고 중불로 예열합니다.
4. 예열된 팬에 맛살 혼합물을 덩어리 모양으로 올려줍니다. 
5. 하나씩 뒤집어서 양면이 골드 브라운 색깔로 익을 때까지 조리합니다.
6. 익은 맛살 하트전을 접시에 담아 내놓습니다.",https://meturial-bucket.s3.ap-northeast-2.amazonaws.com/data/맛살하트전/main.jpeg
참치마요,"한식, 반찬",참치,"1. 참치 캔을 물기를 털어내고, 그릇에 넣어주세요.
2. 참치에 마요네즈를 넣고 골고루 섞어줍니다.
3. 다진 양파와 다진 피클을 추가하여 골고루 섞어줍니다.
4. 소금과 후추로 간을 조절하고, 빵이나 크래커에 발라 먹거나 샌드위치 속으로 활용할 수 있습니다.",https://meturial-bucket.s3.ap-northeast-2.amazonaws.com/data/참치마요/main.jpeg
라면,"한식, 분식",라면,"1. 냄비에 물을 적당한 양(일반적으로 500ml 이상)을 붓고 중불로 끓입니다.
2. 물이 끓을 때 라면 면을 냄비에 넣어줍니다. 면이 물 위에 떠오를 때까지 저어주면서 3~5분 정도 끓여줍니다.
3. 라면 면이 익으면 불을 끄고, 라면 스프 봉지를 물에 넣어 스프를 용해줍니다.
4. 라면 스프를 용해한 후, 라면을 그릇에 담아 드십니다.
5. 라면을 개인의 취향에 따라 다양한 고명(양념재료)과 함께 즐길 수 있습니다. ",https://meturial-bucket.s3.ap-northeast-2.amazonaws.com/data/라면/main.jpeg
주먹밥,분식,쌀,"1. 밥을 넣을 큰 볼에 밥을 넣고 약간의 소금과 김밥용 소금을 넣고 골고루 섞어주세요(밥이 약간 식을 때까지 식힙니다).
2. 김밥 김을 깔고 밥을 얇게 펴서 김 위에 올리고, 밥을 양쪽에 고루 펴줍니다.
3. 달걀을 푼 후 팬에 기름을 두르고 얇게 부친 후 밥 위에 달걀을 넣어주세요.
4. 필요하다면 다진 당근, 다진 오이, 단무지 등을 밥 위에 올려주세요.
5. 밥을 꾹 눌러서 원하는 모양(일반적으로 사각형 또는 삼각형)으로 주먹밥을 만들어주세요.
6. 주먹밥을 김으로 감싸면서 김의 끝 부분을 살짝 찍어주면 김이 붙도록 도와줍니다.
7. 주먹밥을 여러 조각으로 잘라서 접시에 담아 내놓습니다.",https://meturial-bucket.s3.ap-northeast-2.amazonaws.com/data/주먹밥/main.jpeg
유부초밥,분식,쌀,"1. 밥을 넣을 큰 볼에 쌀밥을 넣고 초밥 샤리를 조금씩 넣어가며 골고루 섞어주세요. 
2. 유부를 김밥 매트 위에 하나씩 펴서 놓고, 식힌 밥을 유부 위에 얇게 펴서 올려주세요.
3. 유부에 밥을 얹은 후 중앙에 초밥 재료를 원하는 대로 올려주세요.
4. 유부를 밀착하여 롤 형태로 만들어주세요.
5. 만들어진 유부초밥을 식용 고리로 고정시켜주면 모양을 잘 유지할 수 있습니다.
6. 필요하다면 초밥 재료 위에 간장 혹은 와사비를 바를 수 있습니다.
7. 유부초밥을 작게 자르거나 그대로 접시에 담아 내놓습니다.",https://meturial-bucket.s3.ap-northeast-2.amazonaws.com/data/유부초밥/main.jpeg
김밥,분식,쌀,"1. 밥을 넣을 큰 볼에 쌀밥을 넣고 김밥용 소금을 넣고 골고루 섞어주세요.
2. 달걀을 푼 후 팬에 기름을 두르고 얇게 부친 후 잘게 썰어주세요.
3. 팬에 식용유를 두르고 당근, 오이, 닭가슴살 (또는 햄, 소시지) 등을 볶아주세요.
4. 김밥 김을 깔고 밥을 얇게 펴서 김 위에 밥을 고르게 펴주세요.
5. 밥 위에 재료를 일정하게 올린 후, 참기름을 조금 뿌려주세요.
6. 김밥을 김으로 감싸면서 김의 끝 부분을 살짝 찍어주면 김이 붙도록 도와줍니다.
7. 만들어진 김밥을 김밥용 소금을 뿌려주고, 필요하다면 다진 단무지를 넣어줄 수 있습니다.",https://meturial-bucket.s3.ap-northeast-2.amazonaws.com/data/김밥/main.jpeg
꼬마김밥,분식,쌀,"1. 김밥 김을 깔고 밥을 얇게 펴서 김 위에 밥을 고르게 펴주세요.
2. 달걀을 푼 후 팬에 기름을 두르고 얇게 부친 후 잘게 썰어주세요.
3. 팬에 식용유를 두르고 당근, 오이, 닭가슴살 (또는 햄, 소시지) 등을 볶아주세요.
4. 밥 위에 재료를 일정하게 올린 후, 참기름을 조금 뿌려주세요.
5. 김밥을 김으로 감싸면서 김의 끝 부분을 살짝 찍어주면 김이 붙도록 도와줍니다.
6. 만들어진 꼬마김밥을 김밥용 소금을 뿌려주고, 필요하다면 다진 단무지를 넣어줄 수 있습니다.",https://meturial-bucket.s3.ap-northeast-2.amazonaws.com/data/꼬마김밥/main.jpeg
떡볶이,분식,떡,"1. 떡볶이 떡은 물에 30분간 불려 충분히 촉촉하게 만든다.
2. 별도의 그릇에서 고추장, 간장, 설탕, 다진 마늘 등으로 양념장을 만든다.
3. 팬에 기름을 두르고 양파와 양배추를 중불에서 볶는다.
4. 야채가 반쯤 익었을 때, 불린 떡과 양념장을 넣고 잘 섞어준다.
5. 약불에서 계속해서 볶아 양념이 잘 배게 하며 완성한다.",https://meturial-bucket.s3.ap-northeast-2.amazonaws.com/data/떡볶이/main.jpeg
라볶이,분식,"라면, 떡","1. 양파와 대파를 얇게 채썰고, 어묵은 한입 크기로 자르세요.
2. 팬에 식용유를 두르고 양파와 대파를 볶아주세요.
3. 물을 붓고 고추장, 고춧가루, 설탕, 간장, 참기름, 그리고 물엿을 넣어 양념을 만들어주세요.
4. 떡과 어묵을 팬에 넣고 양념과 함께 떡이 부드러워질 때까지 볶아줍니다.
5. 라볶이가 끝나는 직전에 김가루를 넣고 섞어 완성합니다.",https://meturial-bucket.s3.ap-northeast-2.amazonaws.com/data/라볶이/main.jpeg
궁중떡볶이,분식,떡,"1. 양파와 대파, 청양고추(선호에 따라)를 얇게 채썰고, 어묵은 한입 크기로 자르세요.
2. 팬에 식용유를 두르고 양파와 대파를 볶아주세요.
3. 물을 붓고 고추장, 고춧가루, 설탕, 간장, 참기름을 넣어 양념을 만들어주세요. 
4. 떡과 어묵을 팬에 넣고 양념과 함께 떡이 부드러워질 때까지 조리해줍니다.
5. 궁중떡볶이가 끝나는 직전에 김가루를 넣고 섞어주세요.
6. 접시에 넣고 마지막으로 김가루를 위에 뿌려 완성합니다.",https://meturial-bucket.s3.ap-northeast-2.amazonaws.com/data/궁중떡볶이/main.jpeg
기름떡볶이,분식,떡,"1. 양파와 대파를 얇게 채썰고, 어묵은 한입 크기로 자르세요.
2. 팬에 식용유를 두르고 양파와 대파를 볶아주세요.
3. 물을 붓고 고추장, 고춧가루, 설탕, 간장, 참기름을 넣어 양념을 만들어주세요.
4. 떡과 어묵을 팬에 넣고 양념과 함께 볶아주세요. 떡이 부드러워질 때까지 조리해줍니다.
5. 기름떡볶이의 조리가 끝나는 직전에 김가루를 넣고 섞어 완성합니다.",https://meturial-bucket.s3.ap-northeast-2.amazonaws.com/data/기름떡볶이/main.jpeg
떡꼬치,분식,떡,"1. 떡과 소시지를 준비하고, 떡은 적당한 크기로 자르거나 먹기 좋은 크기로 자릅니다.
2. 자른 떡과 소시지를 번갈아 꿰어 나무꼬치에 떡, 소시지, 떡, 소시지 순서로 뀁니다.
3. 꿴 떡꼬치를 바베큐 그릴, 오븐, 전자레인지, 혹은 후라이팬에서 조리합니다.
4. 조리가 끝나면 떡꼬치 위에 소스를 뿌려서 먹습니다.",https://meturial-bucket.s3.ap-northeast-2.amazonaws.com/data/떡꼬치/main.jpeg
소떡소떡,분식,떡,"1. 떡과 소시지를 준비하고, 떡은 적당한 크기로 자르거나 먹기 좋은 크기로 자릅니다.
2. 자른 떡과 소시지를 번갈아 꿰어 나무꼬치에 떡, 소시지, 떡, 소시지 순서로 뀁니다.
3. 꿴 떡꼬치를 바베큐 그릴, 오븐, 전자레인지, 혹은 후라이팬에서 조리합니다.
4. 조리가 끝나면 떡꼬치 위에 소스를 뿌려서 먹습니다.",https://meturial-bucket.s3.ap-northeast-2.amazonaws.com/data/소떡소떡/main.jpeg
샌드위치,분식,"채소, 빵","1. 원하는 종류의 식빵 또는 베이글 2조각을 준비합니다.
2. 참치 캔이나 다른 대체 고기류를 끓인 후 양념하여 준비합니다(참치 사용시, 물기를 제거하고 마요네즈나 머스타드, 소금, 후추 등을 넣어 양념하여 주세요).
3. 상추나 양상추, 토마토, 양파 등을 씻어서 적당한 크기로 썰어주세요.
4. 한 조각의 식빵 또는 베이글 위에 양념한 고기류를 올리고, 그 위에 상추, 토마토, 양파 등을 적당히 올립니다.
5. 다른 조각의 식빵 또는 베이글을 위에 덮어 샌드위치를 완성합니다.
6. 만약 식빵을 사용한다면, 필요한 경우 가운데를 칼로 잘라 샌드위치를 두 조각으로 나눕니다.
7. 샌드위치를 냉장고에서 차게 식힌 후, 바로 먹거나 필요한 경우 포장하여 휴대할 수 있습니다.",https://meturial-bucket.s3.ap-northeast-2.amazonaws.com/data/샌드위치/main.jpeg
마늘빵,분식,"빵, 마늘","1. 마늘을 다져서 소금과 함께 섞은 후, 식물성 버터와 파슬리를 넣어 마늘 버터 소스를 만듭니다.
2. 식빵이나 베이글을 준비합니다.
3. 마늘 버터 소스를 녹인 후, 식빵 조각을 마늘 버터에 찍어 넣어 빵에 소스를 골고루 묻힙니다.
4. 마늘 버터 소스가 묻힌 빵을 180°C로 예열된 오븐에 넣어 5~7분 동안 구웁니다.
5. 마늘 버터 소스가 빵에 고루 흡수되도록 마늘빵을 꺼내서 잠시 식힌 후에 먹으면 됩니다.",https://meturial-bucket.s3.ap-northeast-2.amazonaws.com/data/마늘빵/main.jpeg
토스트,분식,빵,"1. 식빵 2장 정도를 준비하고, 원하는 재료(치즈, 햄, 계란 등)를 소량 준비한다.
2. 팬에 버터를 녹인 후 식빵 한 장을 앞뒤로 굽는다.
3. 별도의 팬에서 계란을 스크램블 형태로 부친다.
4. 굽은 식빵 위에 치즈와 햄, 그리고 스크램블 계란을 올린다.
5. 다른 한 장의 식빵으로 덮어준 후 약한 불에서 양면을 다시 구워 완성한다.",https://meturial-bucket.s3.ap-northeast-2.amazonaws.com/data/토스트/main.jpeg
냉면,분식,면,"1. 메밀면 또는 소바면을 끓는 물에 삶고, 삶은 면은 찬물에 헹궈 식힙니다.
2. 다진 양파, 다진 대파, 다진 오이, 다진 생강, 다진 마늘을 사용하여 간장, 설탕, 식초, 물로 양념을 만들고 식힌 물과 섞어 냉면 육수를 만듭니다.
3. 물냉면을 먹을 그릇에 삶은 면을 담고, 냉면 육수를 부어주세요.
4. 곁들여 먹을 재료로 양파, 오이, 김치, 참깨, 양념고추 등을 넣고 마무리합니다.",https://meturial-bucket.s3.ap-northeast-2.amazonaws.com/data/냉면/main.jpeg
잔치국수,분식,면,"1. 고기를 선택적으로 준비하고, 간장, 설탕, 다진 마늘, 후추를 섞어 고기를 재료에 맞게 양념하여 둡니다.
2. 냄비에 식용유를 두르고 다진 파, 다진 양파, 다진 마늘, 다진 대파를 볶아줍니다.
3. 볶은 양념재료에 물과 고기육수를 넣고 끓이고, 끓일 때 양념을 맞춰서 소금과 후추로 간을 합니다.
4. 끓는 물에 소면 또는 잔치국수면을 넣고 끓입니다. 
5. 면을 삶은 후 찬물에 헹궈 식힙니다.
6. 면을 그릇에 담고, 끓인 국물을 부어줍니다.
7. 고기를 양념하여 구워 냄비에 올려서 끓는 국수 위에 얹어줍니다.
8. 잔치국수에 고명과 곁들여 먹을 재료를 추가하여 개인의 취향에 맞게 조절합니다.",https://meturial-bucket.s3.ap-northeast-2.amazonaws.com/data/잔치국수/main.jpeg
비빔국수,분식,"김치, 면","1. 고기를 원하는 부위로 준비하고, 간장, 설탕, 다진 마늘, 후추를 섞어 고기를 재료에 맞게 양념하여 둡니다.
2. 냄비에 식용유를 두르고 다진 파, 다진 양파, 다진 마늘, 다진 대파를 볶아줍니다.
3. 볶은 양념재료에 양념소스 재료를 넣고 섞어줍니다.
4. 면을 끓는 물에 삶고, 삶은 면은 찬물에 헹궈 식힙니다.
5. 삶은 면을 그릇에 담고, 양념된 고기를 냄비에 올려서 볶습니다.
6. 볶은 고기를 면 위에 얹고, 채소와 함께 곁들여 먹을 재료를 추가하여 개인의 취향에 맞게 조절합니다.
7. 비빔국수에 양념소스를 부어주고, 잘 섞어 먹습니다.",https://meturial-bucket.s3.ap-northeast-2.amazonaws.com/data/비빔국수/main.jpeg
열무국수,분식,"김치, 면","1. 고기를 준비하고, 간장, 설탕, 다진 마늘, 후추를 섞어 고기를 재료에 맞게 양념하여 둡니다. 
2. 냄비에 식용유를 두르고 다진 파, 다진 양파, 다진 마늘, 다진 대파를 볶아줍니다.
3. 볶은 양념재료에 양념소스 재료를 넣고 섞어줍니다.
4. 면을 끓는 물에 삶은 뒤, 찬물에 헹궈 식힙니다.
5. 삶은 면을 그릇에 담고, 양념된 고기를 냄비에 올려서 볶습니다.
6. 볶은 고기를 면 위에 얹고, 다진 열무를 곁들여 먹을 재료로 추가합니다.
7. 열무국수에 양념소스를 부어주고, 잘 섞어 먹습니다.",https://meturial-bucket.s3.ap-northeast-2.amazonaws.com/data/열무국수/main.jpeg
콩국수,분식,"콩, 면","1. 면을 끓는 물에 삶고, 삶은 면은 찬물에 헹궈 식힙니다.
2. 삶은 면을 그릇에 담고, 콩국수 국물을 부어줍니다.
3. 콩국수 위에 적당한 양의 오이채를 올린 뒤, 얼음을 넣어 시원하게 먹습니다.",https://meturial-bucket.s3.ap-northeast-2.amazonaws.com/data/콩국수/main.jpeg
수제비,분식,떡,"1. 밀가루를 대형 그릇에 넣고 중앙을 파서 물을 조금씩 넣으면서 점점 반죽을 만듭니다.
2. 반죽이 너무 건조하면 물을 더 추가하고, 너무 습하면 밀가루를 더 추가하여 탄력 있는 반죽을 만듭니다.
3. 반죽이 완성되면 반죽을 펴서 얇은 층으로 밀어 펴고, 칼이나 수제비 칼을 사용하여 작은 사각형 모양으로 자릅니다.
4. 끓는 물에 소금을 넣고 수제비를 넣어 삶고, 수제비가 떠오르면 2~3분 정도 더 삶은 후 그릇에 담아 먹습니다.",https://meturial-bucket.s3.ap-northeast-2.amazonaws.com/data/수제비/main.jpeg
비빔만두,분식,만두,"1. 만두를 굽거나 삶아주세요.
2. 만두가 익으면 찬물에 헹궈 식힌 후 물기를 제거합니다.
3. 상추나 믹스 채소를 씻어서 먹기 좋은 크기로 썰어주세요.
4. 별도의 볼에 고추장, 간장, 설탕, 다진 마늘, 식초, 참기름을 섞어 비빔소스를 만듭니다.
5. 식초를 넣은 비빔소스를 상추와 믹스 채소에 넣고 고루 섞어주세요.
6. 그릇에 비빔소스가 고루 섞인 상추와 믹스 채소를 담고, 익힌 만두를 올립니다.",https://meturial-bucket.s3.ap-northeast-2.amazonaws.com/data/비빔만두/main.jpeg
쫄면,분식,면,"1. 쫄면 면을 끓는 물에 데치듯이 삶고, 삶은 면은 찬물에 헹궈 식혀주세요.
2. 식혀진 쫄면을 그릇에 담고 참기름을 뿌려주세요.
3. 간장, 설탕, 다진 마늘, 참치액젓, 다진 파, 다진 고춧가루, 다진 겨자씨를 섞어서 간장소스를 만들고 쫄면에 고루 섞어주세요.
4. 채소 (당근, 오이, 상추 등)를 먹기 좋은 크기로 채 썰어 쫄면과 함께 담아주세요.
5. 마지막으로 쫄면 위에 고춧가루를 솔솔 뿌려 마무리합니다. ",https://meturial-bucket.s3.ap-northeast-2.amazonaws.com/data/쫄면/main.jpeg
칼국수,분식,면,"1. 바지락은 깨끗이 씻어 모래와 불순물을 제거합니다.
2. 대파의 흰 부분을 얇게 채 썰고, 칼국수 면을 미리 만들어주세요.
3. 냄비에 물을 끓이고 바지락을 넣어서 삶고, 바지락이 익으면 건져낸 뒤 삶은 바지락 육수를 칼국수 육수로 사용합니다.
4. 칼국수 면을 삶은 후 찬물에 헹궈 끈기를 제거합니다.
5. 별도의 팬에 참기름을 두르고 다진 마늘을 볶아 향을 낸 후, 바지락 육수를 넣고 끓입니다.
6. 끓는 육수에 국간장, 소금, 후추를 넣어 간을 맞추고, 삶은 칼국수 면을 넣어 끓여 완성합니다.",https://meturial-bucket.s3.ap-northeast-2.amazonaws.com/data/칼국수/main.jpeg
떡국,분식,"떡, 면","1. 소고기를 얇게 채 썰거나 작게 다진 후 국간장과 다진 마늘을 섞어 양념해주세요.
2. 대파의 흰 부분을 얇게 채 썰고, 떡을 씻어서 물기를 뺍니다.
3. 냄비에 물을 끓여서 양념한 소고기를 넣고 익힙니다. 소고기가 익으면 떡과 대파를 넣고 끓입니다.
4. 소고기와 떡이 익으면 소금과 후추로 간을 맞춰주세요.
5. 생략하지 않는 경우, 계란을 풀어서 끓는 국물 위에 쏟아 넣어 계란흰자가 익을 때까지 조금만 끓입니다.
6. 그릇에 담은 후 깨소금을 뿌리고 마무리합니다.",https://meturial-bucket.s3.ap-northeast-2.amazonaws.com/data/떡국/main.jpeg
만둣국,분식,만두,"1. 물을 냄비에 끓여주세요.
2. 대파의 흰 부분을 얇게 채 썰고, 만두를 씻어서 물기를 뺍니다.
3. 끓는 물에 만두를 넣고 익혀주세요.
4. 다른 냄비나 팬에 참기름을 두르고 다진 마늘을 볶아 향을 낸 후, 국간장을 넣고 볶습니다.
5. 끓인 물에 볶은 마늘과 국간장을 넣고 간을 맞추고 소금, 후추로 더 맛을 조절합니다.
6. 만두가 익으면 떡국 그릇에 담은 후 생략하지 않는 경우, 계란을 풀어서 끓는 국물 위에 쏟아 넣어 계란흰자가 익을 때까지 조금만 끓입니다.
7. 그릇에 담은 후 대파를 얹고 마무리합니다.",https://meturial-bucket.s3.ap-northeast-2.amazonaws.com/data/만둣국/main.jpeg
우동,일식,면,"1. 냄비에 물을 붓고 다시마, 멸치 등으로 육수를 내고 체로 걸러준다.
2. 별도의 그릇에서 간장, 설탕, 미림 등으로 양념장을 만든다.
3. 육수에 양념장을 넣고 중불에서 잘 섞어 끓인다.
4. 양파와 당근 등 원하는 야채를 썰어 넣고 함께 익힌다.
5. 따로 끓인 우동면을 그릇에 담고 육수와 야채를 부어준다.
6. 완성된 우동 위에 파와 기름진 참치를 올린다.",https://meturial-bucket.s3.ap-northeast-2.amazonaws.com/data/우동/main.jpeg
핫도그,분식,튀김,"1. 핫도그 소시지를 냉동 상태에서 꺼내고, 해동시켜주세요.
2. 식용유를 깊은 팬이나 소스팬에 데울 만큼 붓고, 중약불(175°C 정도)에서 예열해주세요.
3. 핫도그 소시지를 빵에 감싸고 끝 부분이 겹치도록 해서 빵이 붙을 수 있도록 합니다.
4. 핫도그를 식용유에 넣고 소시지가 황금 갈색이 될 때까지 약 4-5분 동안 튀기면 됩니다.
5. 핫도그를 튀겨낸 후 종이 타월에 올려 기름을 뺍니다.
6. 케첩, 머스타드, 마요네즈와 같은 소스를 뿌려 먹습니다.",https://meturial-bucket.s3.ap-northeast-2.amazonaws.com/data/핫도그/main.jpeg
찐만두,분식,만두,"냄비에 물을 끓여서 만두피를 넣고 2-3분 정도 삶아 부드럽게 만들고 찬물에 헹궈줍니다. 
만두 속재료를 다듬고 필요한 경우 볶아서 익힙니다.
만두피 한 장을 꺼내고 작업 공간에 펴서 물을 적당히 바릅니다.
만두피 위에 만두 속재료를 한 가운데에 놓고, 만두를 평평한 모양으로 접어서 봉지 모양을 만듭니다.
찐기 또는 찐통에 물을 끓여놓고 그 위에 만두를 올려주세요.
만두 찜기의 뚜껑을 덮고 만두를 15-20분 정도 쪄서 완성합니다.",https://meturial-bucket.s3.ap-northeast-2.amazonaws.com/data/찐만두/main.jpeg
튀김만두,분식,만두,"1. 만두를 미리 꺼내서 해동시킵니다.
2. 밀가루, 물, 계란, 그리고 선택적으로 소금을 넣고 고루 섞어 튀김 반죽을 만듭니다.
3. 만두를 튀김반죽에 찍어서 잘 묻힙니다.
4. 식용유를 팬에 충분한 양을 붓고 중불에서 열을 예열합니다(175도 정도).
5. 만두를 넣을 때 주의하여 기름이 튀지 않도록 조심하면서 넣습니다.
6. 만두가 황금 갈색으로 튀겨질 때까지 약 3-5분 동안 튀깁니다.
7. 튀긴 만두를 종이 타월에 올려 기름을 뺍니다.",https://meturial-bucket.s3.ap-northeast-2.amazonaws.com/data/튀김만두/main.jpeg
김말이튀김,분식,튀김,"1. 김말이를 냉동 상태에서 꺼내서 해동시킵니다.
2. 밀가루, 물, 계란, 소금을 넣고 고루 섞어 튀김용 반죽을 만듭니다.
3. 김말이를 튀김반죽에 찍어서 잘 묻힙니다.
4. 식용유를 팬에 충분한 양을 붓고 중불에서 온도가 약 350°F (175°C) 정도 될 때까지 예열합니다.
5. 김말이를 넣을 때 주의하여 기름이 튀지 않도록 조심하면서 넣습니다.
6. 김말이가 황금 갈색으로 튀겨질 때까지 약 3-5분 동안 튀겨 완성합니다.",https://meturial-bucket.s3.ap-northeast-2.amazonaws.com/data/김말이튀김/main.jpeg
야채튀김,분식,"튀김, 채소","1. 고구마, 당근같은 야채를 씻고 껍질을 깎거나 필요한 경우 잘게 썹니다.
2. 밀가루, 물, 소금을 넣고 고루 섞어 튀김 반죽을 만듭니다.
3. 식용유를 팬에 충분한 양을 붓고 온도가 약 350°F (175°C) 정도 될 때까지 예열합니다.
4. 야채 조각을 튀김반죽에 찍어서 잘 묻히고, 묻힐 때 빠르게 튀기기 때문에 한 번에 많은 양을 넣지 않는 것이 좋습니다.
5. 야채를 넣을 때 주의하여 기름이 튀지 않도록 조심하면서 넣습니다.
6. 야채가 황금 갈색으로 튀겨질 때까지 약 3-5분 동안 튀깁니다.
7. 튀긴 야채를 종이 타월에 올려 기름을 뺍니다.",https://meturial-bucket.s3.ap-northeast-2.amazonaws.com/data/야채튀김/main.jpeg
오징어튀김,분식,"튀김, 오징어","1. 오징어를 깨끗이 씻고 흐르는 물로 헹구어 내부와 외부의 물기를 제거합니다.
2. 밀가루, 물, 계란, 그리고 선택적으로 소금을 넣고 고루 섞어 부드러운 튀김반죽을 만듭니다.
3. 오징어 채를 튀김반죽에 찍어서 잘 묻힙니다.
4. 식용유를 팬에 충분한 양을 붓고 중불에서 온도가 약 350°F (175°C) 정도 될 때까지 기다립니다.
5. 오징어를 넣을 때 주의하여 기름이 튀지 않도록 조심하면서 넣고 튀깁니.
6. 오징어가 노릇한 색깔로 튀겨질 때까지 약 2-3분 동안 튀깁니다.
7. 튀긴 오징어를 종이 타월에 올려 기름을 뺍니다.",https://meturial-bucket.s3.ap-northeast-2.amazonaws.com/data/오징어튀김/main.jpeg
가지튀김,분식,"튀김, 가지","1. 가지를 씻고, 얇게 슬라이스 또는 줄기를 제거하고 얇게 채썰어주세요.
2. 밀가루, 물, 계란, 소금을 넣고 고루 섞어 부드러운 튀김반죽을 만듭니다.
3. 가지 슬라이스를 튀김반죽에 찍어서 잘 묻힙니다.
4. 식용유를 팬에 충분한 양을 붓고 온도가 약 350°F (175°C) 정도 될 때까지 예열합니다.
5. 가지가 노릇한 색으로 튀겨질 때까지 약 2-3분 동안 튀깁니다.
6. 튀긴 가지를 종이 타월에 올려 기름을 뺍니다.",https://meturial-bucket.s3.ap-northeast-2.amazonaws.com/data/가지튀김/main.jpeg
팝콘치킨,분식,닭,"1. 닭 가슴살 또는 다리고기를 손질하고 크기가 작은 조각으로 잘라줍니다.
2. 밀가루, 계란, 그리고 빵가루를 각각 별개의 그릇에 준비합니다.
3. 닭 조각에 소금과 후추를 조금 뿌려주고, 밀가루에 묻힙니다.
4. 밀가루를 묻힌 닭 조각을 계란에 찍어서 고루 묻힙니다.
5. 다시 밀가루를 묻힌 후, 빵가루에 굴려서 튀김용 팝콘치킨 조각을 만듭니다.
6. 식용유를 팬에 충분한 양을 붓고 온도가 약 350°F (175°C) 정도 될 때까지 예열합니다.
7. 팝콘치킨이 노릇노릇한 색으로 튀겨질 때까지 약 5-7분 동안 튀겨 완성합니다.",https://meturial-bucket.s3.ap-northeast-2.amazonaws.com/data/팝콘치킨/main.jpeg
순대,분식,돼지고기,"1. 순대 피를 물에 씻어서 깨끗이 씻어줍니다.
2. 냄비에 물을 끓이고, 순대 피를 끓는 물에 넣고 투명한 풍선 모양이 될 때까지 익힙니다.
3. 끓은 순대 피를 찬물에 헹궈 식힌 후, 얇게 채썰어주세요.
4. 밀가루를 물과 함께 반죽하여 순대 피를 밀가루 반죽에 넣고 고루 섞어줍니다.
5. 중간 불에서 팬에 식용유를 두르고 밀가루로 된 순대 반죽을 한 숟가락씩 넣어 노릇하게 익힙니다.
6. 고추장, 고추가루, 대파, 소금을 추가하여 본인의 취향에 맞게 양념한 후 익힌 순대를 팬에 올려 볶아줍니다.",https://meturial-bucket.s3.ap-northeast-2.amazonaws.com/data/순대/main.jpeg
짜장면,중식,면,"1. 물을 끓여서 중국당면 또는 우동면을 삶고, 다 삶아지면 찬물에 헹군 후 물기를 뺍니다.
2. 돼지고기를 잘게 다져주세요.
3. 대파, 양파, 당근, 양배추를 작게 다져주세요.
4. 중불에서 팬에 식용유를 두르고 돼지고기를 볶아주세요.
5. 볶은 돼지고기에 대파와 야채를 넣고 볶아주세요.
6. 야채가 익으면 짜장소스와 물을 넣고 짜장소스가 노릇하게 익혀질 때까지 계속 볶아주세요.
7. 볶은 면을 냄비에 담고, 위에 만든 짜장소스를 올려주세요.
8. 고루 섞어주고, 소금과 후추로 간을 맞춰서 즐기면 됩니다.",https://meturial-bucket.s3.ap-northeast-2.amazonaws.com/data/짜장면/main.jpeg
짬뽕,중식,면,"1. 중국당면 또는 우동면을 물에 담가서 불리고, 불린 면은 찬물에 헹군 후 물기를 뺍니다.
2. 돼지고기를 잘게 다지고, 새우는 필요하다면 껍질을 벗기고 꼬리를 남겨주세요.
3. 팬에 참기름과 고추기름을 두르고 마늘과 생강을 볶아香을 내줍니다.
4. 돼지고기를 넣고 색이 변할 때까지 볶아주세요.
5. 새우와 버섯을 추가하여 볶아주세요.
6. 고추장, 간장, 짜장소스를 넣고 볶아줍니다.
7. 물을 넣고 끓여주세요(닭육수나 코다리액젓을 사용하면 더 맛있어집니다).
8. 면을 냄비에 담고 끓는 육수를 부어줍니다.
9. 대파를 고루 섞어주고, 소금과 후추로 간을 맞춰서 즐기면 됩니다.",https://meturial-bucket.s3.ap-northeast-2.amazonaws.com/data/짬뽕/main.jpeg
마라탕,중식,면,"1. 팬에 식용유를 두르고 마라탕 스파이스 믹스를 중불에서 볶아 향을 냅니다.
2. 볶은 마라탕 스파이스 믹스에 고기를 넣고 볶아주세요. 
3. 물을 붓고 끓여주세요.
4. 해물, 두부, 버섯을 넣고 끓여주세요.
5. 마라탕의 매운 정도와 맛을 조절하기 위해 마라탕 스파이스 믹스를 추가하여 맛을 낼 수 있습니다.
6. 녹말가루를 물에 풀어서 넣고, 끓이다 보면 더 진한 국물이 됩니다.
고추 기름을 추가하여 더 매콤하게 만들 수 있습니다.",https://meturial-bucket.s3.ap-northeast-2.amazonaws.com/data/마라탕/main.jpeg
탕수육,중식,"돼지고기, 튀김","1. 돼지고기를 얇게 채 썬 후, 소금과 후추로 간을 해줍니다.
2. 감자전분과 계란을 넣은 반죽을 만들어 돼지고기를 살짝 묻힌 후, 식용유에 튀겨주세요.
3. 탕수육 소스를 만들기 위해 물, 설탕, 식초, 간장, 케첩을 한데 섞고 끓여줍니다.
4. 소스가 끓어오르면 감자전분과 물을 섞은 물을 넣고 더 끓여서 농도를 높여줍니다.
5. 튀긴 돼지고기를 소스에 넣어 조물조물 먹을 만큼 버무려줍니다.",https://meturial-bucket.s3.ap-northeast-2.amazonaws.com/data/탕수육/main.jpeg
꿔바로우,중식,"돼지고기, 튀김","1. 건고추를 물에 불려서 부드럽게 만들고, 씨를 제거한 후 작게 썹ㄴ;다.
2. 닭 가슴살을 썬 후, 식용유와 함께 볶아 중탕에서 조리합니다.
3. 닭고기가 익으면 건고추와 아몬드를 넣고 함께 볶습니다.
4. 대파, 생강, 마늘을 넣어 더 볶습니다.
5. 소스 재료를 모두 섞어 만들고, 닭고기와 건고추 위에 부어 볶아줍니다.
6. 모든 재료가 고루 섞이고 소스가 뭉치지 않도록 조리합니다.",https://meturial-bucket.s3.ap-northeast-2.amazonaws.com/data/꿔바로우/main.jpeg
마파두부,중식,두부,"1. 팬에 식용유를 두르고 돼지고기나 쇠고기를 볶아주세요.
2. 고기가 익으면 대파, 생강, 마늘을 함께 볶아주세요.
3. 두반장과 고추냉이무침을 추가하여 볶아주세요.
4. 물을 넣고 끓여주세요.
5. 물엿과 간장을 추가하고 끓여주세요.
6. 두부를 팬에 넣고 약한 불에서 조리합니다.
7. 모든 재료가 고루 섞이고 소스가 두부 주위에 덧대도록 조리한 후 먹습니다.",https://meturial-bucket.s3.ap-northeast-2.amazonaws.com/data/마파두부/main.jpeg
계란토마토볶음밥,중식,"계란, 토마토","1. 토마토는 깨끗이 씻어 적당한 크기로 잘라 준비하고, 계란은 잘 풀어둔다.
2. 팬에 기름을 두르고 계란을 부어 스크램블드 에그를 만든 후 따로 떼어둔다.
3. 같은 팬에 다시 기름을 두르고 토마토를 볶아준다.
4. 토마토가 약간 익었을 때, 밥과 스크램블드 에그를 넣고 섞어준다.
5. 소금과 후춧가루로 간을 맞춘 후, 계속해서 볶아준다.
6. 완성한다.",https://meturial-bucket.s3.ap-northeast-2.amazonaws.com/data/계란토마토볶음밥/main.jpeg
양장피,중식,채소,"1. 팬에 식용유를 두르고 쇠고기나 닭고기를 볶아주세요.
2. 고기가 익으면 새우를 추가하여 함께 볶아주세요.
3. 계란을 넣고 볶아 스크램블 에그를 만듭니다.
4. 새우와 고기가 다 익으면 밥을 추가하고 볶아주세요.
5. 밥이 볶아질 때, 당근, 양파, 대파를 넣고 볶아주세요.
6. 모든 재료가 고루 섞이고 밥이 따뜻해질 때, 양장피 소스를 넣고 섞어주세요.
7. 그릇에 담아 대파를 곁들여 즐기면 됩니다.",https://meturial-bucket.s3.ap-northeast-2.amazonaws.com/data/양장피/main.jpeg
깐풍기,중식,"닭, 튀김","1. 닭 가슴살을 큐브로 자르고 소금과 간장을 넣고 조물조물 마사졌다.
2. 고추를 손질하고 어슷하게 자른 후, 마늘과 함께 팬에서 식용유와 함께 볶아주세요.
3. 고추와 마늘이 향긋하게 익으면 닭 가슴살을 추가하여 볶아주세요.
4. 깐풍기 소스 재료를 모두 섞어 만들고, 팬에 부어주세요.
5. 소스가 끓어오르고 뭉치지 않도록 잘 섞어주세요.
6. 마지막으로 대파를 넣고 볶아 완성합니다.",https://meturial-bucket.s3.ap-northeast-2.amazonaws.com/data/깐풍기/main.jpeg
깐풍새우,중식,"새우, 튀김","1. 대만새우는 껍질을 벗기고 꼬리를 남겨주세요.
2. 팬에 식용유를 두르고 새우를 노르스름한 색이 되도록 볶아주세요.
3. 새우가 익으면 팬에서 꺼내고, 마늘, 생강, 홍고추를 식용유에 볶아주세요.
4. 고춧가루, 설탕, 간장, 식초, 물, 간장, 소금을 모두 섞어 소스를 만들고 팬에 부어주세요.
5. 소스가 끓어오르고 뭉치지 않도록 잘 섞어주세요.
6. 새우를 다시 팬에 넣고 소스와 함께 볶아 완성합니다.",https://meturial-bucket.s3.ap-northeast-2.amazonaws.com/data/깐풍새우/main.jpeg
크림새우,중식,새우,"1. 대만새우는 껍질을 벗기고 소금과 후추를 뿌려 양념해주세요.
2. 팬에 버터를 녹이고 마늘과 양파를 볶아주세요. 
3. 볶은 마늘과 양파에 헤비 크림(또는 우유)을 붓고, 저어가며 중불에서 끓여주세요.
4. 크림 소스가 끓어오르고 농도가 조절될 때까지 끓여주세요.
5. 소스에 레몬 주스와 파슬리를 넣고 섞어주세요.
6. 마지막으로 새우를 소스에 넣고 익히되, 새우가 오렌지색으로 변하고 익으면 완성입니다.",https://meturial-bucket.s3.ap-northeast-2.amazonaws.com/data/크림새우/main.jpeg
유린기,중식,"닭, 튀김","1. 고추장, 고춧가루, 설탕, 다진 마늘, 다진 생강, 소금, 참기름을 모두 섞어 양념을 만듭니다.
2. 미나리나 파, 당근 등 신선한 채소는 취향에 따라 다양하게 썰어 준비합니다.
3. 삶은 쌀밥을 그릇에 담고, 양념과 채소를 얹어줍니다.
4. 위에 참깨를 뿌려주면 완성입니다.",https://meturial-bucket.s3.ap-northeast-2.amazonaws.com/data/유린기/main.jpeg
팔보채,중식,채소,"1. 무, 당근, 대파, 새송이버섯을 채 썰어줍니다.
2. 큰 냄비에 고기육수를 끓여주세요.
3. 육수가 끓으면 무와 당근을 넣고 중불에서 2분 정도 끓입니다.
4. 그 후 대파와 새송이버섯을 넣고 1분 정도 더 끓입니다.
5. 미나리와 오이를 넣고 소금을 뿌려주세요.
6. 마지막으로 참기름과 다진 마늘을 넣고 살짝 볶아주면 완성입니다.",https://meturial-bucket.s3.ap-northeast-2.amazonaws.com/data/팔보채/main.jpeg
고추잡채,중식,"고추, 면","1. 대파, 홍고추, 당근을 어슷 썰어줍니다.
2. 어묵을 먹기 좋은 크기로 잘라줍니다.
3 팬에 식용유를 두르고 다진 마늘을 볶아香기가 나도록 합니다.
4. 어묵과 채소를 넣고 볶아줍니다.
5. 고추장, 설탕, 간장, 참치액젓을 넣고 골고루 섞어주세요.
6. 마지막으로 참기름을 더해주고 깨를 뿌려주면 완성합니다.",https://meturial-bucket.s3.ap-northeast-2.amazonaws.com/data/고추잡채/main.jpeg
춘권,중식,"돼지고기, 채소","1. 라이스 페이퍼를 따뜻한 물에 담가 무르게 만듭니다.
2. 적당한 크기로 잘린 라이스 페이퍼 위에 채소, 단백질, 생채소, 라면 사리를 올려줍니다.
3. 라이스 페이퍼를 채소와 단백질로 감싸주면서 둥글게 만듭니다.
4. 춘권을 둥글게 만든 후, 그릇에 담아 냉장고에서 20분 정도 식혀줍니다.
5. 춘권을 자르거나 그대로 소스와 먹습니다.",https://meturial-bucket.s3.ap-northeast-2.amazonaws.com/data/춘권/main.jpeg
딤섬,중식,돼지고기,"1. 딤섬 반죽을 밀가루와 물을 섞어서 만듭니다.
2. 딤섬 반죽을 빵판이나 깔판 위에 넣고 밀가루를 뿌려서 두껍게 뭉쳐줍니다.
3. 딤섬 반죽을 얇게 펴서 원하는 크기로 자릅니다.
4. 딤섬 반죽에 다양한 재료를 올립니다.
5. 딤섬 반죽을 접어서 재료를 감싸주고 모양을 만듭니다. 
6. 딤섬 찌는 시간은 딤섬의 크기와 두께에 따라 다를 수 있으며, 전체적으로 반죽이 투명해지면 익은 것입니다.",https://meturial-bucket.s3.ap-northeast-2.amazonaws.com/data/딤섬/main.jpeg
토마토스파게티,"양식, 면","토마토, 면","1.토마토는 깨끗이 씻어 적당한 크기로 잘라 준비한다.
2. 냄비에 물과 소금을 넣고 끓인 후, 스파게티를 약 8~10분간 익혀준다.
3. 팬에 올리브 오일을 두르고 다진 마늘과 토마토를 볶는다.
4. 토마토가 부드러워지면 솔트와 페퍼로 간을 맞추고, 볶은 토마토 위에 밥스코 혹은 파스타 소스를 추가한다.
5. 익혀둔 스파게티를 팬에 넣고 잘 섞어준다.
6. 완성된 토마토패스타는 그릇에 담아 치즈나 파슬리를 곁들인다.",https://meturial-bucket.s3.ap-northeast-2.amazonaws.com/data/토마토스파게티/main.jpeg
크림파스타,"양식, 면",면,"1. 물을 끓인 후 소금을 첨가하고 파스타를 80% 정도 삶아주세요.
2. 별도의 팬에 버터를 녹이고 다진 마늘과 양파를 볶아 향을 낸 후 생크림을 넣고 섞어주세요.
3. 생크림이 끓어오르면 파마산 치즈를 넣어 크림 소스를 더 부드럽게 만들어줍니다.
4. 크림 소스에 삶은 파스타를 넣고 버무려주세요. 
5. 소금과 후추로 맛을 조절하고, 다진 파슬리로 장식한 후에 먹습니다.",https://meturial-bucket.s3.ap-northeast-2.amazonaws.com/data/크림파스타/main.jpeg
명란파스타,"양식, 면","명란젓, 면","1. 물을 끓인 후 소금을 첨가하고 파스타를 80% 정도 삶아주세요.
2. 별도의 팬에 버터를 녹이고 명란을 넣어 볶아주세요. 
3. 명란에 생크림을 넣고 섞되, 생크림이 끓어오르면 파마산 치즈를 넣어 크림 소스를 더 부드럽게 만들어줍니다.
4. 크림 소스에 삶은 파스타를 넣고 버무리고, 필요하다면 파스타 삶은 물을 조금씩 추가하여 크림 소스를 조절할 수 있습니다.
5. 소금과 후추로 맛을 조절하고, 다진 파슬리로 장식한 후에 먹습니다.",https://meturial-bucket.s3.ap-northeast-2.amazonaws.com/data/명란파스타/main.jpeg
봉골레파스타,"양식, 면","조개, 면","1. 물을 끓인 후 소금을 첨가하고 파스타를 80% 정도 삶아주세요.
2. 별도의 팬에 올리브 오일을 데우고 다진 마늘을 볶아주세요. 
3. 마늘에 레드 페퍼 플레이크 (또는 마늘 고추)를 넣고 볶아 매운 맛을 내줍니다. 
4. 삶은 파스타를 팬에 옮기고 파스타에 어우러질 수 있도록 마늘 오일과 함께 볶아줍니다.
5. 소금과 후추로 맛을 조절하고 다진 파슬리와 다진 치즈로 장식한 후에 먹을 준비가 끝났습니다.",https://meturial-bucket.s3.ap-northeast-2.amazonaws.com/data/봉골레파스타/main.jpeg
감바스,양식,"새우, 면","1. 중대새우를 소금과 후추로 조금씩 조미한 후, 팬에 올리브 오일을 데우고 중불에서 새우를 볶아주세요.
2. 새우를 팬에서 뺀 후, 같은 팬에 다진 마늘과 레드 페퍼 플레이크를 넣어 볶아 마늘이 황금색으로 익을 때까지 볶습니다.
3. 마늘이 익으면 토마토 소스 또는 토마토 퓨레를 넣고 2분 정도 끓여 더욱 진한 풍미를 내줍니다.
4. 새우를 팬에 다시 넣고 섞어주세요. 
5. 레몬 주스를 넣고 가볍게 섞어주세요. 
6. 감바스를 그릇에 담고 다진 파슬리를 고루 뿌려주세요.",https://meturial-bucket.s3.ap-northeast-2.amazonaws.com/data/감바스/main.jpeg
스테이크,양식,소고기,"1. 스테이크를 꺼내서 냉장고에서 실온에 두어 해동해주세요.
2. 스테이크를 조리하기 전에 고기의 표면을 키친 타올로 눌러서 물기를 제거합니다.
3. 팬이나 그릴을 뜨겁게 달구어주세요.
4. 팬에 식용 오일을 두르고 고기를 올리고, 스테이크를 고기의 두면이 골고루 갈색으로 익을 때까지 구워주세요. 
5. 고기를 팬에서 꺼내서 살짝 식히고, 식품 안전을 위해 적어도 3분 정도 휴식을 줍니다. 
6. 고기를 잘라내고 소금과 후추를 조금씩 뿌려서 간을 조절하고, 마늘, 로즈마리 또는 타임 등으로 장식하면 완성입니다.",https://meturial-bucket.s3.ap-northeast-2.amazonaws.com/data/스테이크/main.jpeg
또띠아피자,양식,빵,"1. 오븐을 200도로 예열합니다.
2. 또띠아 크러스트를 오븐팬이나 베이킹 시트 위에 넣습니다.
3. 피자 소스를 크러스트에 고루 발라줍니다.
4. 모차렐라 치즈를 소스 위에 고루 뿌려줍니다.
5. 토핑 재료를 추가합니다.
6. 피자 크러스트가 노릇노릇하게 구워질 때까지 오븐에서 10~15분 정도 구워줍니다. 
7. 오븐에서 꺼내서 드라이 오레가노나 바질로 장식하고, 잠시 식히고 자릅니다.
8. 나누어 먹기 전에 피자를 1인분 크기로 자르고 즐기면 됩니다.",https://meturial-bucket.s3.ap-northeast-2.amazonaws.com/data/또띠아피자/main.jpeg
고구마그라탕,양식,고구마,"1. 오븐을 180도로 예열합니다.
2. 고구마를 껍질을 벗기고 작게 다진 다음, 식물성 오일을 데우고 뚜껑을 덮은 후, 고구마가 부드러워질 때까지 조리합니다.
3. 고구마를 데친 후, 양파와 마늘을 다져 고구마에 넣고 병아리깨를 적당량 넣어주세요.
4. 크림 (또는 우유)을 데친 고구마와 야채에 붓고, 고구마와 야채가 좀 더 부드러워질 때까지 중불로 계속해서 저어가면서 요리합니다.
5. 모차렐라 치즈를 넣고 잘 섞어주세요.
6. 그라탕 형태로 사용할 수 있는 화로에 고구마 그라탕 혼합물을 옮기고, 윗부분을 다듬기 위해 깍뚝이나 포크로 가볍게 장식해주세요.
7. 오븐에서 20-25분 정도 구워서 또렷하게 갈색이 되도록 합니다.
8. 파슬리와 소금, 후추로 마무리합니다.",https://meturial-bucket.s3.ap-northeast-2.amazonaws.com/data/고구마그라탕/main.jpeg
감자그라탕,양식,감자,"1. 오븐을 180도로 예열합니다.
2. 감자를 껍질을 벗기고 얇게 슬라이스합니다.
3. 양파와 마늘을 다져서 감자와 섞어줍니다.
4. 크림 (또는 우유)을 데치고 감자와 야채에 붓고, 감자와 야채가 좀 더 부드러질 때까지 중불로 계속해서 저어가면서 요리합니다.
5. 모차렐라 치즈를 넣고 잘 섞어줍니다.
6. 그라탕 형태로 사용할 수 있는 화로에 감자 그라탕 혼합물을 옮깁니다.
7. 오븐에서 20-25분 정도 구워서 또렷하게 갈색이 되도록 합니다.
8. 파슬리와 소금, 후추로 마무리합니다.",https://meturial-bucket.s3.ap-northeast-2.amazonaws.com/data/감자그라탕/main.jpeg
피자,양식,빵,"1. 오븐을 220도로 예열합니다.
2. 피자 도우를 활용하여 원하는 크기의 도우를 만듭니다.
3. 만든 도우를 피자 팬 또는 베이킹 시트에 올려놓습니다.
4. 피자 도우 위에 피자 소스를 고루 발라줍니다. 
5. 모차렐라 치즈나 피자 치즈를 피자 소스 위에 고루 뿌려줍니다.
6. 피자 토핑 재료를 자유롭게 올려줍니다. 
7. 올리브 오일을 피자 토핑에 조금 뿌려주고 들기름을 더해도 좋습니다.
8. 예열한 오븐에서 10-15분 정도 또는 피자 도우가 황금갈색으로 구워질 때까지 굽습니다.
9. 굽은 피자를 꺼내서 취향에 맞게 소금과 후추를 뿌려줍니다.",https://meturial-bucket.s3.ap-northeast-2.amazonaws.com/data/피자/main.jpeg
함박스테이크,양식,소고기,"1. 소고기와 돼지고기 다진 것을 같은 비율로 섞은 후, 양파, 당근, 마늘, 빵가루, 계란 등을 넣어 잘 섞는다.
2. 손으로 원하는 크기의 스테이크 모양으로 만든 후 팬에 기름을 두르고 중불에서 양면을 굽는다.
3. 별도의 팬에서 버터를 녹인 후 밀가루를 넣어 볶아준다.
4. 이에 육수와 우유를 천천히 부어주며 계속 젓는다(소스 완성).
5. 완성된 소스에 간을 맞추고 함박스테이크 위에 부어준다.
6. 마지막으로 케찹과 파슬리로 장식하며 완성한다.",https://meturial-bucket.s3.ap-northeast-2.amazonaws.com/data/함박스테이크/main.jpeg
리조또,양식,쌀,"1. 냄비에 육수나 해산물 주스를 데치고 낮은 온도로 두고 끓이세요.
2. 팬에 올리브 오일과 버터를 녹여줍니다.
3. 양파와 마늘을 다져서 팬에 넣고 투명해질 때까지 볶아줍니다.
4. 쌀을 넣고 볶아줍니다. 쌀이 약간 투명해질 때까지 볶아야 합니다.
5. 와인을 넣고 쌀 위에 붓고 쌀이 와인을 흡수할 때까지 끓여줍니다.
6. 한 번에 한 컵씩 끓는 육수나 해산물 주스를 넣고 쌀이 흡수할 때까지 저어줍니다.
7. 쌀이 부드러워지고 크림 같은 텍스처가 될 때까지 계속 육수를 넣어가며 요리합니다.
8. 마지막으로 파마산 치즈를 넣고 잘 섞어줍니다.",https://meturial-bucket.s3.ap-northeast-2.amazonaws.com/data/리조또/main.jpeg
샐러드,양식,채소,"1. 채소와 야채를 싹쓸이 씻어서 건조시킵니다.
2. 큰 볼에 채소와 야채를 넣고 가볍게 토스해주세요.
3. 다른 작은 볼에 올리브 오일, 식초, 다진 마늘 (선택사항), 소금, 후추를 섞어 드레싱을 만듭니다.
4. 드레싱을 샐러드에 부어주고 가볍게 섞어주세요.
5. 그릇에 담아 파슬리나 다른 신선한 허브로 장식하고 완성합니다.",https://meturial-bucket.s3.ap-northeast-2.amazonaws.com/data/샐러드/main.jpeg
햄버거,양식,"소고기, 채소, 빵","1. 소고기 패티에 소금과 후추를 뿌려 양쪽 면에 고루 발라주세요.
2. 패티를 높이 약간 낮춘 햄버거 팬이나 프라이팬에서 중약 불로 예열한 후, 식용유를 조금 더해주세요.
3. 패티를 팬에 넣고 한쪽 면을 구워주고, 익으면 다른 면도 노릇하게 구워주세요.
4. 햄버거 번을 반으로 잘라서 토스터나 오븐에서 가볍게 토스트하세요.
5. 번에 양상추나 레토스, 토마토, 양파, 피클 등을 올려주세요.
6. 그 위에 구운 소고기 패티를 올린 후, 치즈를 올릴 경우에는 패티 위에 치즈를 얹어 녹이세요.
7. 번의 윗부분에 케첩, 머스타드, 마요네즈 등을 발라서 마무리하세요.
8. 다른 번의 아랫부분을 얹고 완성된 햄버거를 즐기세요.",https://meturial-bucket.s3.ap-northeast-2.amazonaws.com/data/햄버거/main.jpeg
부리또,양식,고기,"1. 닭 가슴살을 씻고 물기를 털어내서 얇게 채 또는 조각내세요.
2. 볼에 닭 채소, 타코 시즈닝 믹스, 올리브 오일을 넣고 골고루 섞어주세요.
3. 팬에 식용유를 두르고 닭과 양파를 넣고 중불에서  완전히 익을 때까지 약 5~7분 동안 조리합니다.
4. 피타 또는 토르티야 랩을 조리대에 놓고 가운데에 샐러드 재료와 볶은 닭을 얹어주세요.
5. 선택사항으로 생초고추나 미니 팝핀 페퍼를 얹어 매콤하게 만들 수 있습니다.
6. 랩 한쪽 끝을 당겨서 부리또를 둥글게 접어주고, 랩을 꽉 감아 고정시킵니다.
7. 부리또 반을 절단하여 먹기 편하게 만들어줍니다.",https://meturial-bucket.s3.ap-northeast-2.amazonaws.com/data/부리또/main.jpeg
해쉬브라운,양식,감자,"1. 감자를 껍질을 벗기고 세척한 후 미세하게 다집니다.
2. 다진 감자를 물에 씻은 뒤 천장에 올려 물기를 털어냅니다.
3. 다진 감자와 양파에 소금과 후추를 넣고 골고루 섞어줍니다.
4. 팬에 식용유를 두르고 중불에서 감자 혼합물을 스푼으로 떠서 넣어 약간 눌러 팬에 담아줍니다.
5. 한쪽면이 골드 브라운으로 구워질 때까지 5~7분 정도 익힙니다.
6. 뒤집어 반대 면도 골드 브라운으로 구워줍니다.
7. 전체적으로 바삭하게 익은 후 종이타올에 올려 물기를 제거한 후 접시에 담아주면 완성입니다.",https://meturial-bucket.s3.ap-northeast-2.amazonaws.com/data/해쉬브라운/main.jpeg
감자튀김,양식,"감자, 튀김","1. 감자를 껍질을 벗기고 세척한 후 물기를 털어내고 종이타올로 물기를 제거합니다.
2. 감자를 가로로 반으로 잘라서 얇은 조각으로 채썰어 준비합니다.
3. 식용유를 팬에 두르고 중불에서 예열합니다.
4. 예열이 된 팬에 감자 조각을 넣고 중간 불에서 노릇노릇하게 익힙니다.
5. 감자를 꺼내서 종이타올에 올려 기름을 제거합니다.
6. 감자에 소금과 후추를 뿌려주고 고루 섞어줍니다.
7. 감자튀김 완성! 따뜻한 상태에서 고소한 감자튀김을 즐기면 됩니다.",https://meturial-bucket.s3.ap-northeast-2.amazonaws.com/data/감자튀김/main.jpeg
맥앤치즈,양식,치즈,"1. 냄비에 물을 끓여 마카로니 파스타를 삶습니다. 
2. 다른 냄비에 버터를 녹이고 밀가루를 넣어 중불에서 볶아 루를 만듭니다. 
3. 루에 우유를 조금씩 넣어가며 풀어줍니다.
4. 농성한 루에 치즈를 넣고 젓고, 치즈가 녹을 때까지 요리합니다. 
5. 소금과 후추로 간을 맞추고, 삶은 마카로니 파스타를 첨가하여 섞어줍니다.",https://meturial-bucket.s3.ap-northeast-2.amazonaws.com/data/맥앤치즈/main.jpeg
콘샐러드,양식,"치즈, 옥수수, 채소","1. 콘은 물기를 제거하고, 양파는 껍질을 벗기고 적당히 다진 후 파슬리를 다진다.
2. 대형 볼에 콘, 다진 양파, 다진 파슬리를 모두 넣는다.
3. 다른 볼에서 마요네즈, 식초, 설탕, 소금, 후추를 섞어 샐러드 드레싱을 만든다.
4. 드레싱을 콘과 양파에 부어 주고, 모두 잘 섞어 준다.",https://meturial-bucket.s3.ap-northeast-2.amazonaws.com/data/콘샐러드/main.jpeg
초밥,일식,"회, 쌀","1. 밥을 삶고, 쌀을 약간 식힌 다음, 식초, 설탕, 소금, 미림을 사용하여 초밥용 밥을 만듭니다.
2. 생선과 해산물을 신선하게 손질하고, 얇게 채썰거나 조각 내어 초밥용으로 준비합니다.
3. 야채도 채썰거나 얇게 채썰어 초밥 재료로 준비합니다.
4. 김은 조금 미리 깨끗하게 구워줍니다.
5. 초밥용 단무지도 준비합니다.
6. 초밥용 밥 위에 김을 얹고, 밥 위에 생선, 해산물, 야채 등을 올립니다.
7. 와사비를 조금씩 밥 옆에 올립니다.
8. 마지막으로, 소맥을 조금 뿌려서 초밥을 간장 소스와 마요네즈로 감싸줍니다.
9. 초밥을 만들어낸 후, 초밥용 마요네즈, 간장, 와사비를 따로 제공하여 맛을 개인 취향에 맞게 조절할 수 있도록 합니다.",https://meturial-bucket.s3.ap-northeast-2.amazonaws.com/data/초밥/main.jpeg
라멘,"일식, 면",면,"1. 스톡을 준비할 때 다시마와 건멸치로 스톡을 직접 만들 수도 있고, 상용 라멘 스톡을 사용할 수도 있습니다.
2. 라멘이 들어가는 고기인 차슈는 주로 로스팅하거나 조리하여 사용하며, 닭가슴살은 삶아서 얇게 썬 다음 간장과 설탕으로 양념을 합니다.
3. 다른 추가 재료 (새우, 계란, 미역 등)을 다시마 스톡에 살짝 데치거나 조리합니다.
4. 면을 삶아서 익힙니다. 라멘 면은 물에 삶은 다음 찬물에 헹궈 끈끈함을 제거합니다.
5. 양념을 만듭니다. 간장, 소금, 설탕, 다진 마늘, 생강을 섞어서 라멘 스프의 맛을 조절합니다.
6. 그릇에 면을 담고, 라멘 스프를 붓습니다.
7. 라멘 스프 위에 고기와 추가 재료를 올립니다.
8. 참기름이나 고추기름을 추가하여 맛을 더합니다.",https://meturial-bucket.s3.ap-northeast-2.amazonaws.com/data/라멘/main.jpeg
나가사키짬뽕,"일식, 면",면,"1. 냄비에 식용유를 두르고 다진 마늘과 생강, 고기와 양파도 함께 넣어 볶아주세요.
2. 고기가 익으면 해산물을 넣고 볶아줍니다.
3. 면을 삶아서 물기를 제거한 후 냄비에 넣고 볶아줍니다.
4. 다시마 스톡을 냄비에 붓고, 라면 스프나 짬뽕 스프 봉지를 넣어 스프를 끓여줍니다.
5. 야채와 고추를 추가하고 라면 면과 함께 끓여주세요.
6. 스프의 맛을 확인하고 소금과 후추로 간을 맞춥니다.
7. 나가사키 짬뽕을 그릇에 담고, 특히 다양한 해산물과 야채로 장식합니다.",https://meturial-bucket.s3.ap-northeast-2.amazonaws.com/data/나가사키짬뽕/main.jpeg
오니기리,일식,쌀,"1. 밥을 적당한 양으로 준비하고, 원하는 재료(참치, 매실, 김치 등)를 소량 준비한다.
2. 손에 소금을 묻혀 두면서 밥을 한 움큼 잡아 오니기리 모양으로 모은다.
3. 밥의 중앙에 원하는 재료를 넣고 그 위에 다시 밥을 올려 모양을 만든다.
4. 김장김을 적당한 크기로 자른 후, 만든 오니기리에 감싸준다.
5. 이 과정을 원하는 수만큼 반복한다.
6. 완성.",https://meturial-bucket.s3.ap-northeast-2.amazonaws.com/data/오니기리/main.jpeg
연어덮밥,일식,"생선, 쌀","1. 냄비에 간장, 설탕, 식초, 물을 섞어 소스를 만듭니다.
2. 별도의 팬에서 연어를 중약한 불에서 연어가 양면으로 고르게 익을 때까지 조리해주세요.
3. 밥을 그릇에 담고, 조리한 연어를 밥 위에 올립니다.
4. 만든 소스를 연어 위에 뿌립니다. 
5. 다진 녹색 양파나 대파를 연어덮밥 위에 장식합니다.
6. 깨를 손으로 뿌려 마무리합니다.",https://meturial-bucket.s3.ap-northeast-2.amazonaws.com/data/연어덮밥/main.jpeg
새우장덮밥,일식,"새우, 쌀","1. 간장, 설탕, 다진 마늘을 사용하여 새우를 조리하기 전에 15-20분 동안 마리네이드합니다.
2. 달군 팬에 식용유를 두르고 새우를 중약한 불에서 오렌지색으로 익을 때까지 약 2-3분씩 조리합니다.
3. 새우가 익으면 새우를 팬에서 꺼내서 따로 보관합니다.
4. 같은 팬에 다진 양파와 당근을 넣고 볶습니다.
5. 밥을 추가하고 모든 재료가 골고루 섞일 때까지 볶습니다.
6. 볶은 밥 위에 조리한 새우를 올립니다.
7. 대파를 고루 흩뿌리고 참기름과 깨를 추가하여 마무리합니다.",https://meturial-bucket.s3.ap-northeast-2.amazonaws.com/data/새우장덮밥/main.jpeg
메밀소바,"일식, 면",메밀,"1. 메밀 국수를 물에 담갔다가 흐르는 물에 여러 번 헹궈서 끓인 물에 3-5분 정도 삶고, 냉수에 헹궈 찬물에 식힙니다.
2. 식힌 메밀 국수를 그릇에 담고 간장소스를 곁들입니다. 
3. 메밀소바에 다양한 토핑을 올립니다.
4. 마지막으로 메밀소바 위에 다진 파나 대파, 계란 등을 골고루 뿌려 완성합니다.",https://meturial-bucket.s3.ap-northeast-2.amazonaws.com/data/메밀소바/main.jpeg
돈카츠,일식,"돼지고기, 튀김","1. 돼지고기 또는 소고기를 얇게 채 썰고, 채썰린 고기를 연막지 등을 사용하여 부드럽게 두드리고 약간의 소금과 후추를 뿌려주세요.
2. 고기를 밀가루에 물들여서 흔들어서 덜어내고, 달걀을 풀어서 고기에 입히고, 빵가루를 밀가루로 입히고, 잘 묻여있도록 눌러주세요.
3. 팬에 식용유를 두르고 중불에서 고기를 부드럽게 익힙니다. 고기의 색깔이 골드 브라운이 될 때까지 튀겨주세요.
4. 돈카츠가 바삭하게 튀겨졌다면 종이 타올 등에 올려 기름을 빼줍니다.",https://meturial-bucket.s3.ap-northeast-2.amazonaws.com/data/돈카츠/main.jpeg
야키니쿠,일식,"소고기, 돼지고기","1. 고기는 적절한 크기로 잘라서 꼬치에 꽂을 수 있게 하고, 야채도 적당한 크기로 잘라줍니다.
2. 꼬치에 고기와 야채를 꽂습니다.
3. 야키니쿠 소스를 미리 만들거나 구매합니다.
4. 바비큐 그릴이나 구이 팬에 고기가 완전히 익을 때까지 굽고, 중간 중간 야키니쿠 소스를 바르면 더 맛있어집니다.",https://meturial-bucket.s3.ap-northeast-2.amazonaws.com/data/야키니쿠/main.jpeg
낫또,일식,콩,"1. 대두 콩을 미리 씻어서 6~8시간 동안 물에 불리고, 부풀어 오른 콩은 건져내고 물기를 털어줍니다.
2. 건조한 콩을 냄비에 넣고 쪽파나 설탕물로 으깨져서 만든 낫또 바이러스 주를 뿌립니다.
3. 뚜껑을 덮어두고 따뜻한 곳에서 24~48시간 동안 발효가 이루어지도록 합니다. 
4. 낫또가 발효되면 향과 맛이 특유한 것으로 바뀝니다.",https://meturial-bucket.s3.ap-northeast-2.amazonaws.com/data/낫또/main.jpeg
볶음우동,"일식, 면",면,"1. 먼저 우동 면을 끓이기 위한 냄비에 물을 끓여서 우동 면을 삶고, 면이 삶아지면 물을 버리고 찬물에 헹궈서 물기를 뺍니다.
2. 대파를 어슷 썰고, 다른 채소와 닭고기, 소고기, 또는 새우도 잘게 썰어줍니다.
3. 팬에 식용유를 두르고 대파와 다른 채소를 볶아주세요.
4. 채소가 부드러워졌다면 닭고기, 소고기, 또는 새우를 넣고 함께 볶아주세요.
5. 볶은 채소와 고기 위에 삶은 우동 면을 올려주세요.
6. 볶음우동 소스를 만들기 위해 소금, 후추, 간장, 설탕을 사용해서 간단한 소스를 만들고 볶음우동에 뿌려주세요.
7 모든 재료가 고루 섞이면 볶음우동이 완성됩니다. ",https://meturial-bucket.s3.ap-northeast-2.amazonaws.com/data/볶음우동/main.jpeg
카레우동,"일식, 면","카레, 면","카레 가루를 냄비에 넣고 물을 조금씩 넣어가며 소스가 끓을 때까지 저어가며 끓입니다.
별도의 팬에 식용유를 두르고 다진 양파와 다진 당근을 볶아주세요.
채소가 부드러워지면 닭고기, 소고기, 또는 새우를 넣고 함께 볶아주세요.
카레 소스와 볶은 채소와 고기를 섞어주세요.
우동 면을 삶아주세요. 면이 삶아지면 물을 버리고 찬물에 헹궈서 물기를 뺍니다.
우동 면을 그릇에 담고, 카레 소스와 채소, 고기를 올려 완성합니다.",https://meturial-bucket.s3.ap-northeast-2.amazonaws.com/data/카레우동/main.jpeg
가츠동,일식,"돼지고기, 튀김, 쌀","1. 먼저 돈가스는 고기가 익을 때까지 식용유에 튀기고, 종이 타올에 놓고 기름을 빼줍니다.
2. 팬에 다진 양파, 다진 대파, 다진 마늘을 식용유와 함께 볶아주세요. 
3. 볶은 양파에 일본식 간장을 넣고 설탕을 조금 넣어서 뿌듯떨어지도록 볶아주세요.
4. 볶은 양파와 간장 소스에 물을 넣고 센 불로 끓이고, 다음에 다진 생강을 넣고 섞어주세요.
5. 소스가 끓으면 튀긴 돈가스를 넣어줍니다.
6. 계란을 풀어서 가장자리에 부드럽게 부어줍니다.
7. 밥을 그릇에 담고, 돈가스와 계란 소스를 올려주세요.
8. 최종적으로 다진 대파나 후추로 간을 맞추고, 곁들여 먹으면 됩니다.",https://meturial-bucket.s3.ap-northeast-2.amazonaws.com/data/가츠동/main.jpeg
규동,일식,"쇠고기, 채소, 쌀","1. 양파를 얇게 슬라이스해주세요.
2. 팬에 식용유를 두르고 중불에서 양파를 볶아주세요.
3. 양파가 투명해졌다면 양파 위에 소고기를 넣고 볶고, 소고기가 살짝 익었을 때 일본식 간장을 넣고 설탕과 미림을 추가합니다. 
4. 모든 재료를 섞은 후 물을 적당히 넣어 소스가 생기도록 합니다.
5. 끓인 소스가 더 뿌듯떨어질 때까지 중불에서 끓여줍니다. 
6. 규동을 만들기 위한 밥을 그릇에 담고, 그 위에 소스와 소고기를 올려주세요.
7. 계란을 풀어서 가장자리에 부드럽게 부어줄 수도 있습니다.",https://meturial-bucket.s3.ap-northeast-2.amazonaws.com/data/규동/main.jpeg
